EST_ID,mean.pr,SD.pr,ES0.99.pr,mean.tas,SD.tas,ES0.99,relative.abundance,richness,risk5,Area_Ha,mean.pr.norm,SD.pr.norm,ES0.99.pr.norm,mean.tas.norm,SD.tas.norm,ES0.99.norm,relative.abundance.norm,richness.norm,risk5.norm,Area_Ha.norm
1,3.49,-13.80,-9.30,17.94,-0.10,6.36,0.16,45.07,37.14,91.55,0.48,0.75,0.49,0.28,0.64,0.61,0.23,0.57,0.03,0.00
2,4.96,-11.60,-6.10,18.16,-0.05,6.86,0.25,55.09,10.23,122.52,0.54,0.84,0.59,0.28,0.64,0.65,0.35,0.70,0.01,0.00
3,1.99,-12.76,-8.50,19.18,-6.99,1.97,0.10,38.97,115.84,97.45,0.42,0.79,0.52,0.32,0.34,0.31,0.14,0.49,0.10,0.00
4,1.99,-11.51,-7.68,19.34,-6.86,1.76,0.09,37.86,54.82,113.94,0.42,0.84,0.54,0.33,0.34,0.30,0.12,0.48,0.05,0.00
5,5.32,-12.31,-6.78,17.97,-0.32,6.51,0.14,40.23,10.23,115.35,0.55,0.81,0.57,0.28,0.63,0.62,0.20,0.51,0.01,0.00
6,3.39,-13.62,-9.39,17.73,-0.43,5.94,0.27,70.24,10.61,176.07,0.48,0.76,0.49,0.27,0.62,0.58,0.38,0.90,0.01,0.00
7,8.29,-9.99,0.36,19.00,-4.60,3.97,0.07,22.78,344.10,17.81,0.67,0.90,0.77,0.32,0.44,0.45,0.09,0.28,0.30,0.00
8,8.32,-9.93,-6.93,19.05,-4.46,4.09,0.07,25.59,172.05,48.65,0.67,0.90,0.56,0.32,0.45,0.46,0.10,0.32,0.15,0.00
9,5.20,-13.44,-8.00,19.30,-1.89,4.86,0.17,55.61,0.00,148.58,0.55,0.77,0.53,0.33,0.56,0.51,0.24,0.71,0.00,0.00
10,5.43,-10.61,-5.68,18.21,-0.38,6.53,0.13,38.12,9.05,118.31,0.56,0.88,0.60,0.29,0.62,0.62,0.18,0.48,0.01,0.00
11,3.71,-13.67,-9.01,18.03,0.17,6.64,0.16,44.61,4.95,288.66,0.49,0.76,0.50,0.28,0.65,0.63,0.22,0.57,0.00,0.01
12,4.63,-16.16,-11.80,18.14,3.16,9.71,0.20,57.85,580.51,17.89,0.52,0.66,0.42,0.28,0.78,0.84,0.27,0.74,0.50,0.00
13,6.13,-10.41,-5.80,17.09,0.62,6.66,0.14,42.57,30.60,777.94,0.58,0.89,0.59,0.24,0.67,0.63,0.19,0.54,0.03,0.02
14,4.28,-12.40,-7.85,16.94,1.18,7.03,0.23,47.03,70.59,392.72,0.51,0.81,0.54,0.24,0.69,0.66,0.31,0.60,0.06,0.01
15,6.77,-9.56,-5.06,18.10,-0.05,6.56,0.27,58.02,24.73,897.88,0.61,0.92,0.62,0.28,0.64,0.63,0.38,0.74,0.02,0.02
16,3.22,-13.38,-9.20,17.77,-0.63,5.81,0.24,65.05,5.31,610.45,0.47,0.77,0.50,0.27,0.61,0.57,0.34,0.83,0.00,0.01
17,0.99,-14.67,-10.95,18.28,3.28,9.84,0.11,35.69,204.47,78.54,0.38,0.72,0.45,0.29,0.78,0.85,0.15,0.45,0.18,0.00
18,6.14,-9.73,-2.55,18.86,-1.97,6.98,0.12,38.39,131.34,76.31,0.58,0.91,0.69,0.31,0.55,0.65,0.16,0.48,0.11,0.00
19,5.45,-9.67,-3.46,18.93,-0.86,6.59,0.06,18.59,262.68,46.03,0.56,0.91,0.66,0.31,0.60,0.63,0.09,0.23,0.23,0.00
20,5.84,-10.12,-3.31,18.87,-0.28,7.33,0.06,13.88,51.42,39.00,0.57,0.90,0.67,0.31,0.63,0.68,0.08,0.17,0.04,0.00
21,5.92,-10.54,-3.56,18.88,-0.11,7.53,0.08,20.26,388.42,31.82,0.57,0.88,0.66,0.31,0.63,0.69,0.10,0.25,0.33,0.00
22,6.47,-9.66,-5.24,18.48,0.28,6.94,0.19,42.09,58.64,294.35,0.60,0.92,0.61,0.30,0.65,0.65,0.26,0.53,0.05,0.01
23,8.15,-7.55,-3.03,17.47,-1.68,5.82,0.09,31.59,254.37,81.97,0.66,1.00,0.67,0.26,0.57,0.57,0.13,0.40,0.22,0.00
24,4.36,-14.01,-9.50,18.30,-1.05,5.41,0.25,41.16,43.20,219.71,0.51,0.74,0.49,0.29,0.59,0.55,0.35,0.52,0.04,0.01
25,2.71,-16.42,-11.36,27.69,-8.51,-0.40,0.11,31.84,19.41,868.92,0.45,0.65,0.44,0.66,0.27,0.15,0.15,0.40,0.02,0.02
26,3.34,-9.45,-5.88,19.09,-0.09,6.97,0.11,34.97,117.18,18.52,0.47,0.92,0.59,0.32,0.64,0.65,0.15,0.44,0.10,0.00
27,5.73,-10.69,-3.74,18.93,-0.48,6.95,0.07,16.83,388.42,8.92,0.57,0.87,0.65,0.31,0.62,0.65,0.09,0.21,0.33,0.00
28,7.11,-9.94,-2.83,17.65,-1.95,5.85,0.11,31.84,93.89,98.85,0.62,0.90,0.68,0.27,0.56,0.58,0.14,0.40,0.08,0.00
29,7.17,-10.41,-5.19,17.21,-2.16,5.89,0.12,36.85,374.48,42.26,0.62,0.89,0.61,0.25,0.55,0.58,0.16,0.47,0.32,0.00
30,8.38,-7.74,-3.09,18.56,-0.85,5.81,0.08,20.85,255.10,54.29,0.67,0.99,0.67,0.30,0.60,0.57,0.10,0.26,0.22,0.00
31,3.75,-12.26,-7.47,19.48,-6.86,1.97,0.09,38.56,92.67,83.50,0.49,0.81,0.55,0.34,0.34,0.31,0.12,0.49,0.08,0.00
32,1.99,-12.78,-8.53,19.23,-7.19,1.99,0.11,43.22,463.35,5.96,0.42,0.79,0.52,0.33,0.33,0.31,0.14,0.55,0.40,0.00
33,7.43,-9.97,-2.16,22.90,-2.17,4.53,0.12,40.22,4.01,292.20,0.63,0.90,0.70,0.47,0.55,0.49,0.16,0.51,0.00,0.01
34,2.92,-12.86,-8.66,18.10,-1.32,5.25,0.17,53.15,0.00,109.60,0.46,0.79,0.51,0.28,0.58,0.54,0.24,0.68,0.00,0.00
35,5.41,-25.05,-16.20,26.65,-11.19,-1.16,0.09,38.09,1.56,19540.08,0.55,0.31,0.30,0.61,0.16,0.10,0.12,0.48,0.00,0.45
36,3.46,-13.80,-9.40,18.00,-0.04,6.37,0.17,49.17,14.86,162.55,0.48,0.75,0.49,0.28,0.64,0.61,0.23,0.62,0.01,0.00
37,7.41,-8.29,-3.94,18.82,0.12,6.71,0.08,22.07,510.21,33.33,0.63,0.97,0.65,0.31,0.65,0.64,0.11,0.27,0.44,0.00
38,8.27,-7.55,-3.02,18.29,0.09,6.40,0.06,15.88,510.21,17.05,0.67,1.00,0.67,0.29,0.64,0.61,0.08,0.19,0.44,0.00
39,7.34,-9.30,-2.53,17.62,-1.83,5.81,0.09,31.46,375.55,7.93,0.63,0.93,0.69,0.26,0.56,0.57,0.13,0.40,0.32,0.00
40,7.63,-7.76,-3.17,17.67,-1.28,5.71,0.07,18.18,511.96,15.61,0.64,0.99,0.67,0.27,0.58,0.57,0.09,0.22,0.44,0.00
41,7.80,-7.62,-2.99,17.64,-1.65,5.46,0.06,18.01,511.96,15.66,0.65,1.00,0.67,0.26,0.57,0.55,0.08,0.22,0.44,0.00
42,8.12,-7.57,-2.87,18.02,-0.81,5.84,0.08,23.06,510.21,15.97,0.66,1.00,0.68,0.28,0.60,0.58,0.10,0.29,0.44,0.00
43,7.71,-9.55,-0.61,18.25,-5.61,4.06,0.07,24.20,330.94,23.89,0.64,0.92,0.74,0.29,0.40,0.45,0.09,0.30,0.28,0.00
44,7.15,-13.32,-7.32,17.88,-10.39,1.73,0.06,29.23,157.87,103.85,0.62,0.77,0.55,0.27,0.19,0.29,0.08,0.37,0.14,0.00
45,6.73,-13.75,-6.78,18.03,-10.56,1.86,0.10,50.27,45.11,335.24,0.61,0.75,0.57,0.28,0.18,0.30,0.13,0.64,0.04,0.01
46,4.65,-13.75,-8.02,19.83,-8.78,2.34,0.07,26.95,452.24,36.37,0.53,0.75,0.53,0.35,0.26,0.34,0.09,0.34,0.39,0.00
47,5.80,-13.72,-7.56,19.86,-8.74,2.79,0.06,22.56,226.12,21.85,0.57,0.75,0.54,0.35,0.26,0.37,0.07,0.28,0.19,0.00
48,6.40,-13.65,-7.96,18.47,-10.02,2.17,0.06,27.62,452.24,25.28,0.59,0.76,0.53,0.30,0.21,0.32,0.08,0.35,0.39,0.00
49,6.26,-13.23,-6.75,19.24,-8.46,1.62,0.06,25.26,503.24,18.75,0.59,0.77,0.57,0.33,0.27,0.29,0.08,0.31,0.43,0.00
50,6.83,-13.24,4.51,19.50,-8.35,1.96,0.07,22.92,251.62,84.77,0.61,0.77,0.89,0.34,0.28,0.31,0.09,0.28,0.22,0.00
51,5.24,-12.07,-6.41,19.53,-7.95,1.83,0.07,32.54,251.62,61.23,0.55,0.82,0.58,0.34,0.30,0.30,0.10,0.41,0.22,0.00
52,5.07,-12.29,-6.64,19.08,-7.65,1.92,0.07,32.54,251.62,23.86,0.54,0.81,0.57,0.32,0.31,0.31,0.10,0.41,0.22,0.00
53,4.51,-12.19,-6.85,19.12,-7.74,1.62,0.09,39.71,154.45,59.39,0.52,0.81,0.56,0.32,0.31,0.29,0.12,0.50,0.13,0.00
54,5.48,-11.61,-6.04,19.20,-7.46,2.27,0.07,32.92,231.67,36.45,0.56,0.84,0.59,0.33,0.32,0.33,0.09,0.41,0.20,0.00
55,5.16,-11.68,-6.29,19.43,-6.80,2.56,0.05,19.01,154.45,61.31,0.55,0.84,0.58,0.33,0.35,0.35,0.06,0.23,0.13,0.00
56,6.43,-11.92,2.96,18.78,-8.10,2.16,0.07,28.91,167.75,106.01,0.59,0.83,0.84,0.31,0.29,0.32,0.10,0.36,0.14,0.00
57,6.69,-11.66,2.27,19.17,-8.25,2.17,0.08,31.77,503.24,19.37,0.60,0.84,0.82,0.32,0.28,0.32,0.10,0.40,0.43,0.00
58,7.09,-12.19,5.41,18.67,-8.49,2.10,0.09,36.30,503.24,11.01,0.62,0.81,0.91,0.30,0.27,0.32,0.12,0.46,0.43,0.00
59,7.32,-12.56,-6.73,18.81,-8.86,1.96,0.08,34.34,251.62,42.29,0.63,0.80,0.57,0.31,0.26,0.31,0.11,0.43,0.22,0.00
60,7.80,-12.56,5.74,18.33,-9.23,1.99,0.07,31.36,251.62,119.05,0.65,0.80,0.92,0.29,0.24,0.31,0.10,0.39,0.22,0.00
61,7.89,-12.50,4.93,18.33,-9.31,1.98,0.08,40.27,503.24,9.37,0.65,0.80,0.90,0.29,0.24,0.31,0.11,0.51,0.43,0.00
62,7.36,-8.99,-3.09,17.60,-5.16,4.52,0.08,23.46,388.61,34.61,0.63,0.94,0.67,0.26,0.42,0.49,0.11,0.29,0.33,0.00
63,7.19,-8.82,-2.88,18.43,-5.29,4.56,0.08,22.49,262.68,13.16,0.62,0.95,0.68,0.30,0.41,0.49,0.10,0.28,0.23,0.00
64,7.18,-9.41,-1.28,17.53,-5.87,4.49,0.09,28.41,388.61,8.80,0.62,0.93,0.72,0.26,0.39,0.48,0.12,0.36,0.33,0.00
65,6.48,-9.32,-1.14,17.77,-6.11,4.27,0.09,38.19,194.30,18.42,0.60,0.93,0.73,0.27,0.38,0.47,0.12,0.48,0.17,0.00
66,7.15,-8.97,-3.07,18.02,-5.02,4.51,0.05,15.36,388.61,36.76,0.62,0.94,0.67,0.28,0.42,0.49,0.06,0.19,0.33,0.00
67,7.52,-8.79,-2.94,17.71,-4.90,4.23,0.05,12.05,388.61,9.90,0.64,0.95,0.68,0.27,0.43,0.47,0.07,0.14,0.33,0.00
68,7.81,-8.49,-2.78,17.59,-4.26,4.27,0.07,16.53,388.61,4.09,0.65,0.96,0.68,0.26,0.46,0.47,0.09,0.20,0.33,0.00
69,7.81,-8.69,3.59,17.44,-4.63,4.06,0.06,12.86,388.61,21.90,0.65,0.95,0.86,0.26,0.44,0.45,0.08,0.15,0.33,0.00
70,8.06,-8.19,-2.68,17.78,-4.01,3.73,0.06,17.15,262.68,3.66,0.66,0.97,0.68,0.27,0.47,0.43,0.08,0.21,0.23,0.00
71,2.42,-10.78,-7.05,20.68,-5.37,3.14,0.10,41.02,16.45,265.11,0.44,0.87,0.56,0.38,0.41,0.39,0.13,0.52,0.01,0.01
72,2.98,-10.65,-6.83,21.05,-4.62,3.41,0.08,27.88,164.45,41.38,0.46,0.88,0.57,0.40,0.44,0.41,0.11,0.35,0.14,0.00
73,4.36,-10.66,-6.30,22.38,-3.24,4.19,0.07,25.63,37.65,30.12,0.51,0.88,0.58,0.45,0.50,0.46,0.09,0.32,0.03,0.00
74,4.89,-13.12,-7.64,18.04,0.15,6.84,0.15,39.68,5.15,92.11,0.53,0.78,0.54,0.28,0.65,0.65,0.21,0.50,0.00,0.00
75,2.98,-12.90,-8.64,18.09,-1.48,5.15,0.19,57.59,0.00,78.13,0.46,0.79,0.51,0.28,0.58,0.53,0.26,0.73,0.00,0.00
76,9.05,-12.18,-5.50,22.55,-2.26,4.73,0.09,26.23,0.00,9.02,0.70,0.82,0.60,0.46,0.54,0.50,0.12,0.33,0.00,0.00
77,6.42,-10.87,-5.33,22.23,-2.79,3.69,0.06,20.64,36.05,3.07,0.59,0.87,0.61,0.44,0.52,0.43,0.08,0.25,0.03,0.00
78,5.68,-11.00,-5.75,22.60,-2.78,3.73,0.09,31.78,25.10,92.28,0.57,0.86,0.60,0.46,0.52,0.43,0.12,0.40,0.02,0.00
79,2.60,-12.59,-8.13,19.10,-6.51,2.00,0.07,29.70,115.84,101.63,0.45,0.80,0.53,0.32,0.36,0.31,0.10,0.37,0.10,0.00
80,1.67,-12.62,-8.53,19.05,-7.35,1.77,0.12,53.02,463.35,14.99,0.41,0.80,0.52,0.32,0.32,0.30,0.16,0.67,0.40,0.00
81,1.88,-12.90,-8.66,19.03,-7.49,1.65,0.11,43.22,231.67,59.57,0.42,0.79,0.51,0.32,0.32,0.29,0.14,0.55,0.20,0.00
82,2.03,-13.64,-9.10,20.55,-7.23,2.35,0.08,35.07,324.43,6.40,0.42,0.76,0.50,0.38,0.33,0.34,0.10,0.44,0.28,0.00
83,6.23,-9.89,-2.33,18.94,-6.96,3.43,0.08,34.06,553.83,11.02,0.59,0.91,0.69,0.32,0.34,0.41,0.11,0.43,0.47,0.00
84,6.20,-9.93,-2.36,18.52,-6.68,3.54,0.08,32.37,553.83,23.19,0.59,0.90,0.69,0.30,0.35,0.42,0.11,0.41,0.47,0.00
85,6.17,-10.08,-2.52,19.08,-6.50,3.51,0.07,24.40,276.92,47.31,0.58,0.90,0.69,0.32,0.36,0.42,0.09,0.30,0.24,0.00
86,6.16,-10.12,-2.56,18.51,-7.09,3.15,0.05,18.12,553.83,16.96,0.58,0.90,0.69,0.30,0.33,0.39,0.07,0.22,0.47,0.00
87,6.12,-10.12,-2.64,18.67,-6.54,3.48,0.09,40.31,276.92,53.39,0.58,0.90,0.68,0.30,0.36,0.41,0.12,0.51,0.24,0.00
88,6.08,-10.12,-2.75,19.19,-6.33,3.33,0.07,24.01,553.83,31.41,0.58,0.90,0.68,0.32,0.37,0.40,0.09,0.30,0.47,0.00
89,6.24,-10.57,-3.50,19.06,-5.69,3.64,0.06,18.46,226.12,55.73,0.59,0.88,0.66,0.32,0.39,0.43,0.08,0.23,0.19,0.00
90,7.52,-10.18,0.92,19.05,-5.26,4.07,0.08,29.85,226.12,22.55,0.64,0.89,0.79,0.32,0.41,0.46,0.10,0.37,0.19,0.00
91,7.14,-7.83,-2.92,17.81,-3.57,3.99,0.07,20.18,131.34,47.08,0.62,0.99,0.68,0.27,0.49,0.45,0.10,0.25,0.11,0.00
92,7.84,-8.16,-2.70,17.39,-4.04,3.58,0.08,21.18,262.68,17.21,0.65,0.97,0.68,0.25,0.47,0.42,0.11,0.26,0.23,0.00
93,6.49,-9.17,-1.78,18.26,-3.07,5.98,0.09,25.39,262.68,19.85,0.60,0.93,0.71,0.29,0.51,0.59,0.12,0.32,0.23,0.00
94,6.95,-9.28,-1.14,17.76,-5.24,4.97,0.15,37.04,262.68,5.30,0.62,0.93,0.73,0.27,0.41,0.52,0.20,0.47,0.23,0.00
95,6.06,-8.82,-3.92,18.51,-2.09,5.88,0.06,15.85,131.34,50.94,0.58,0.95,0.65,0.30,0.55,0.58,0.09,0.19,0.11,0.00
96,6.41,-13.55,-7.59,20.56,-1.61,5.35,0.12,34.38,0.00,10.25,0.59,0.76,0.54,0.38,0.57,0.54,0.16,0.43,0.00,0.00
97,4.76,-16.65,-12.23,18.37,3.11,9.62,0.21,57.32,580.51,5.85,0.53,0.64,0.41,0.29,0.77,0.84,0.30,0.73,0.50,0.00
98,4.46,-15.56,-11.27,18.19,2.91,9.53,0.17,56.69,290.26,26.20,0.52,0.68,0.44,0.29,0.77,0.83,0.24,0.72,0.25,0.00
99,7.27,-8.49,-3.79,18.28,-1.07,5.84,0.05,9.24,511.96,29.21,0.63,0.96,0.65,0.29,0.59,0.58,0.06,0.11,0.44,0.00
100,8.08,-7.52,-2.77,17.66,-1.13,5.67,0.09,27.71,510.21,2.63,0.66,1.00,0.68,0.27,0.59,0.56,0.12,0.35,0.44,0.00
101,8.07,-7.74,-3.07,18.84,0.40,6.82,0.08,23.24,510.21,5.29,0.66,0.99,0.67,0.31,0.66,0.64,0.11,0.29,0.44,0.00
102,8.86,-8.43,-3.27,18.21,-0.50,5.98,0.07,20.20,510.21,7.05,0.69,0.96,0.67,0.29,0.62,0.59,0.10,0.25,0.44,0.00
103,7.13,-11.05,5.97,18.84,-8.10,2.84,0.09,36.74,251.62,52.25,0.62,0.86,0.93,0.31,0.29,0.37,0.12,0.46,0.22,0.00
104,6.28,-9.82,-2.46,18.50,-7.33,3.15,0.07,29.84,138.46,67.49,0.59,0.91,0.69,0.30,0.32,0.39,0.10,0.37,0.12,0.00
105,6.30,-9.80,-2.18,17.54,-8.77,2.49,0.05,19.49,553.83,12.11,0.59,0.91,0.70,0.26,0.26,0.35,0.06,0.24,0.47,0.00
106,6.29,-9.54,-1.84,17.39,-8.22,2.85,0.12,46.48,276.92,52.55,0.59,0.92,0.71,0.25,0.28,0.37,0.16,0.59,0.24,0.00
107,8.55,-8.93,2.85,18.30,-4.83,3.50,0.08,29.07,165.47,57.04,0.68,0.94,0.84,0.29,0.43,0.42,0.11,0.36,0.14,0.00
108,8.46,-8.98,-0.48,18.30,-5.00,3.59,0.08,25.75,330.94,32.13,0.67,0.94,0.75,0.29,0.42,0.42,0.10,0.32,0.28,0.00
109,8.47,-9.16,-5.51,18.21,-4.96,3.67,0.08,25.63,330.94,21.27,0.67,0.93,0.60,0.29,0.43,0.43,0.10,0.32,0.28,0.00
110,8.44,-8.73,4.23,18.42,-4.72,3.71,0.06,15.93,165.47,28.69,0.67,0.95,0.88,0.29,0.44,0.43,0.08,0.19,0.14,0.00
111,7.80,-7.94,-2.71,17.26,-3.82,3.37,0.07,23.87,262.68,26.54,0.65,0.98,0.68,0.25,0.47,0.41,0.10,0.30,0.23,0.00
112,6.76,-8.66,-3.01,18.09,-3.49,5.50,0.09,26.83,262.68,2.32,0.61,0.95,0.67,0.28,0.49,0.55,0.12,0.34,0.23,0.00
113,6.19,-11.27,-3.84,18.55,-1.43,6.99,0.10,32.08,375.55,13.53,0.59,0.85,0.65,0.30,0.58,0.66,0.14,0.40,0.32,0.00
114,4.63,-10.82,-6.26,24.30,-3.15,4.35,0.06,23.54,75.31,4.27,0.52,0.87,0.58,0.52,0.50,0.47,0.08,0.29,0.06,0.00
115,4.89,-10.95,-6.19,22.12,-3.01,3.92,0.06,20.05,75.31,12.06,0.53,0.86,0.58,0.44,0.51,0.44,0.08,0.25,0.06,0.00
116,2.31,-13.87,-9.12,21.63,-7.75,2.36,0.08,35.96,324.43,1.40,0.43,0.75,0.50,0.42,0.30,0.34,0.11,0.45,0.28,0.00
117,5.60,-10.97,-5.92,19.09,-5.88,3.27,0.06,18.22,463.35,63.75,0.56,0.86,0.59,0.32,0.39,0.40,0.08,0.22,0.40,0.00
118,6.59,-10.24,-4.46,19.97,-7.06,3.64,0.06,17.37,231.67,33.07,0.60,0.89,0.63,0.36,0.33,0.43,0.08,0.21,0.20,0.00
119,6.28,-13.78,-7.91,18.79,-10.47,1.96,0.07,37.87,452.24,10.37,0.59,0.75,0.53,0.31,0.19,0.31,0.09,0.48,0.39,0.00
120,6.65,-10.00,-4.23,19.39,-7.51,3.23,0.05,13.76,276.92,38.22,0.60,0.90,0.64,0.33,0.32,0.40,0.06,0.17,0.24,0.00
121,6.83,-9.87,3.56,18.98,-7.85,3.19,0.06,30.04,218.47,48.64,0.61,0.91,0.86,0.32,0.30,0.39,0.08,0.38,0.19,0.00
122,6.57,-9.45,-3.62,18.41,-7.60,3.45,0.07,29.22,276.92,10.76,0.60,0.92,0.66,0.29,0.31,0.41,0.09,0.37,0.24,0.00
123,6.52,-9.56,-3.80,18.38,-7.51,3.43,0.07,28.05,553.83,11.76,0.60,0.92,0.65,0.29,0.32,0.41,0.10,0.35,0.47,0.00
124,6.38,-9.79,-2.60,19.41,-7.44,3.20,0.07,23.73,276.92,41.41,0.59,0.91,0.69,0.33,0.32,0.40,0.09,0.29,0.24,0.00
125,6.41,-9.38,-3.77,18.18,-7.25,3.43,0.12,53.06,553.83,13.41,0.59,0.93,0.65,0.29,0.33,0.41,0.16,0.68,0.47,0.00
126,6.12,-10.43,-2.84,19.37,-5.69,3.55,0.06,15.33,90.45,100.57,0.58,0.88,0.68,0.33,0.39,0.42,0.07,0.19,0.08,0.00
127,6.38,-10.49,-3.51,18.75,-6.22,3.70,0.07,27.23,150.75,85.64,0.59,0.88,0.66,0.31,0.37,0.43,0.10,0.34,0.13,0.00
128,6.37,-10.05,-1.99,17.37,-9.09,2.35,0.09,30.67,226.12,69.05,0.59,0.90,0.70,0.25,0.25,0.34,0.12,0.38,0.19,0.00
129,6.89,-10.34,-2.33,18.83,-5.46,4.10,0.07,23.06,226.12,24.22,0.61,0.89,0.69,0.31,0.40,0.46,0.10,0.29,0.19,0.00
130,7.30,-10.37,4.21,19.19,-5.16,4.15,0.08,31.04,226.12,56.19,0.63,0.89,0.88,0.32,0.42,0.46,0.11,0.39,0.19,0.00
131,6.09,-9.44,-1.37,17.48,-6.55,4.02,0.07,28.47,286.81,11.83,0.58,0.92,0.72,0.26,0.36,0.45,0.09,0.36,0.25,0.00
132,7.21,-8.32,-4.06,16.74,-3.77,5.49,0.13,44.44,126.31,47.15,0.63,0.97,0.64,0.23,0.48,0.55,0.17,0.56,0.11,0.00
133,1.47,-12.32,-8.13,18.08,1.83,9.08,0.10,30.11,592.07,6.72,0.40,0.81,0.53,0.28,0.72,0.80,0.14,0.38,0.51,0.00
134,1.23,-12.44,-8.39,18.42,3.26,9.84,0.07,21.64,486.19,2.65,0.39,0.81,0.52,0.29,0.78,0.85,0.10,0.27,0.42,0.00
135,1.22,-12.68,-8.65,18.55,3.29,9.89,0.08,19.45,486.19,5.87,0.39,0.80,0.51,0.30,0.78,0.85,0.10,0.24,0.42,0.00
136,3.21,-13.97,-8.98,18.20,-0.17,8.10,0.08,30.61,116.93,88.37,0.47,0.74,0.50,0.29,0.63,0.73,0.11,0.38,0.10,0.00
137,3.40,-14.11,-9.04,17.94,-0.36,7.81,0.09,26.73,292.33,48.99,0.48,0.74,0.50,0.28,0.62,0.71,0.12,0.33,0.25,0.00
138,1.96,-13.41,-8.81,18.02,0.62,8.61,0.08,29.34,564.62,6.32,0.42,0.77,0.51,0.28,0.67,0.77,0.10,0.37,0.48,0.00
139,2.28,-13.66,-8.94,18.05,-0.19,8.22,0.07,27.21,284.67,10.33,0.43,0.76,0.50,0.28,0.63,0.74,0.10,0.34,0.24,0.00
140,2.85,-14.89,-9.82,18.25,-0.11,8.41,0.08,26.59,584.66,3.54,0.46,0.71,0.48,0.29,0.63,0.75,0.11,0.33,0.50,0.00
141,2.89,-15.09,-9.89,18.02,0.44,8.55,0.08,27.49,584.66,7.58,0.46,0.70,0.48,0.28,0.66,0.76,0.11,0.34,0.50,0.00
142,2.98,-15.12,-9.86,18.20,0.39,8.66,0.09,30.72,584.66,11.21,0.46,0.70,0.48,0.29,0.66,0.77,0.12,0.39,0.50,0.00
143,3.13,-15.02,-9.83,17.93,0.19,8.43,0.09,31.07,584.66,13.28,0.47,0.70,0.48,0.28,0.65,0.75,0.12,0.39,0.50,0.00
144,3.84,-14.40,-9.20,17.58,-0.26,8.04,0.10,41.20,586.23,10.91,0.49,0.73,0.50,0.26,0.63,0.73,0.14,0.52,0.50,0.00
145,5.28,-12.98,-7.84,17.33,-0.41,7.69,0.12,55.01,238.99,31.81,0.55,0.78,0.54,0.25,0.62,0.70,0.17,0.70,0.20,0.00
146,5.69,-12.47,-7.25,17.11,-0.49,7.67,0.10,44.46,484.42,4.47,0.57,0.80,0.55,0.24,0.62,0.70,0.14,0.56,0.42,0.00
147,3.10,-15.56,-11.48,18.42,4.00,10.02,0.11,32.59,103.97,50.58,0.46,0.68,0.43,0.29,0.81,0.86,0.14,0.41,0.09,0.00
148,3.10,-15.56,-11.48,18.42,4.00,10.02,0.07,37.69,503.24,6.32,0.46,0.68,0.43,0.29,0.81,0.86,0.09,0.48,0.43,0.00
149,1.45,-21.03,-13.62,23.04,-10.04,1.76,0.04,18.97,558.32,16.43,0.40,0.46,0.37,0.47,0.21,0.30,0.05,0.23,0.48,0.00
150,7.59,-13.17,-6.60,17.72,-10.49,1.56,0.08,34.57,251.62,80.57,0.64,0.78,0.57,0.27,0.19,0.28,0.10,0.44,0.22,0.00
151,6.77,-8.96,4.27,18.12,-8.82,2.76,NA,39.00,655.42,11.30,0.61,0.94,0.88,0.28,0.26,0.37,NA,0.49,0.56,0.00
152,6.12,-11.34,-6.47,16.92,-1.75,6.94,0.08,27.68,504.87,5.26,0.58,0.85,0.58,0.24,0.56,0.65,0.11,0.35,0.43,0.00
153,2.93,-21.38,-11.48,20.31,-13.75,-0.35,0.07,33.36,126.05,126.62,0.46,0.45,0.43,0.37,0.05,0.15,0.09,0.42,0.11,0.00
154,3.37,-20.26,-11.02,20.12,-13.21,-0.16,0.09,42.16,189.07,68.98,0.48,0.50,0.45,0.36,0.07,0.17,0.12,0.53,0.16,0.00
155,3.51,-19.39,-10.54,20.10,-13.60,-0.47,0.06,27.67,341.42,43.58,0.48,0.53,0.46,0.36,0.05,0.14,0.07,0.35,0.29,0.00
156,3.23,-25.76,-14.15,19.71,-13.77,-0.72,0.06,30.20,318.80,62.18,0.47,0.28,0.36,0.35,0.04,0.13,0.08,0.38,0.27,0.00
157,3.87,-17.92,-9.82,20.01,-13.71,-0.62,0.09,38.74,315.18,26.86,0.49,0.59,0.48,0.36,0.05,0.13,0.12,0.49,0.27,0.00
158,4.48,-17.71,-10.13,19.58,-12.63,0.06,0.08,36.82,630.37,6.61,0.52,0.60,0.47,0.34,0.09,0.18,0.11,0.46,0.54,0.00
159,5.28,-20.11,-12.18,19.44,-12.55,-0.19,0.05,26.24,428.87,19.48,0.55,0.50,0.41,0.33,0.10,0.16,0.07,0.33,0.37,0.00
160,6.01,-21.71,-13.64,19.09,-12.26,-0.17,0.06,29.02,324.35,25.76,0.58,0.44,0.37,0.32,0.11,0.16,0.07,0.36,0.28,0.00
161,6.13,-21.50,-13.49,19.40,-12.25,-0.14,0.10,45.11,926.78,4.85,0.58,0.45,0.37,0.33,0.11,0.17,0.13,0.57,0.79,0.00
162,6.55,-22.36,-14.24,19.49,-12.54,-0.29,0.08,42.56,973.05,1.29,0.60,0.41,0.35,0.34,0.10,0.16,0.11,0.54,0.83,0.00
163,7.10,-22.91,-14.64,18.58,-12.71,-0.89,0.03,16.96,973.05,18.45,0.62,0.39,0.34,0.30,0.09,0.12,0.03,0.21,0.83,0.00
164,7.04,-23.05,-14.91,20.03,-12.44,-0.37,0.05,29.34,1007.21,7.09,0.62,0.38,0.33,0.36,0.10,0.15,0.06,0.37,0.86,0.00
165,8.07,-22.68,-14.49,18.74,-12.61,-0.85,0.04,22.50,826.49,37.66,0.66,0.40,0.35,0.31,0.10,0.12,0.05,0.28,0.71,0.00
166,8.62,-22.26,-14.23,19.51,-12.05,-0.61,0.03,15.97,891.32,25.36,0.68,0.42,0.35,0.34,0.12,0.13,0.04,0.19,0.76,0.00
167,9.97,-20.43,-12.59,19.00,-12.13,-0.57,0.03,20.63,963.75,4.35,0.73,0.49,0.40,0.32,0.12,0.14,0.04,0.25,0.83,0.00
168,10.12,-20.06,-12.24,18.83,-12.75,-0.86,0.06,28.65,963.75,6.36,0.74,0.50,0.41,0.31,0.09,0.12,0.08,0.36,0.83,0.00
169,10.41,-19.72,-11.85,19.13,-12.65,-0.76,0.06,28.65,963.75,11.24,0.75,0.52,0.42,0.32,0.09,0.12,0.08,0.36,0.83,0.00
170,11.97,-18.49,-10.26,19.58,-11.71,-0.10,0.04,23.15,1003.47,16.88,0.81,0.57,0.47,0.34,0.13,0.17,0.06,0.29,0.86,0.00
171,12.48,-20.10,-11.76,19.34,-12.86,-0.10,0.06,32.59,1119.93,8.79,0.83,0.50,0.42,0.33,0.08,0.17,0.09,0.41,0.96,0.00
172,14.63,-20.44,8.40,20.03,-12.07,-0.49,0.07,29.74,583.04,21.93,0.91,0.49,1.00,0.36,0.12,0.14,0.09,0.37,0.50,0.00
173,13.33,-18.75,7.15,18.91,-12.07,-0.41,0.04,24.87,583.04,47.74,0.86,0.56,0.96,0.31,0.12,0.15,0.05,0.31,0.50,0.00
174,14.62,-20.37,5.64,19.42,-11.89,-0.38,0.06,27.79,272.09,107.16,0.91,0.49,0.92,0.33,0.13,0.15,0.09,0.35,0.23,0.00
175,15.48,-22.31,-6.15,19.45,-11.89,-0.60,0.07,31.03,1166.08,26.72,0.95,0.41,0.58,0.34,0.13,0.13,0.09,0.39,1.00,0.00
176,4.27,-23.00,-13.40,19.63,-12.71,-0.63,0.05,25.15,165.23,135.82,0.51,0.39,0.38,0.34,0.09,0.13,0.06,0.31,0.14,0.00
177,4.45,-23.51,-13.52,19.23,-12.76,-0.86,0.06,30.50,76.26,514.28,0.52,0.37,0.37,0.33,0.09,0.12,0.08,0.38,0.07,0.01
178,4.19,-23.80,-13.69,19.49,-12.80,-0.80,0.06,32.06,70.81,228.58,0.51,0.35,0.37,0.34,0.09,0.12,0.08,0.40,0.06,0.01
179,3.64,-21.48,-12.70,20.65,-14.02,-0.96,0.07,36.46,180.45,108.82,0.49,0.45,0.40,0.38,0.03,0.11,0.10,0.46,0.15,0.00
180,4.22,-17.01,-10.14,20.14,-14.33,-0.97,0.07,31.14,334.92,58.19,0.51,0.62,0.47,0.36,0.02,0.11,0.10,0.39,0.29,0.00
181,3.99,-16.72,-9.64,21.47,-14.81,-1.09,0.15,56.56,37.21,303.15,0.50,0.64,0.48,0.41,0.00,0.10,0.20,0.72,0.03,0.01
182,4.77,-16.85,-9.76,19.60,-13.88,-0.78,0.09,37.22,921.04,27.82,0.53,0.63,0.48,0.34,0.04,0.12,0.12,0.47,0.79,0.00
183,16.00,-24.65,7.28,18.27,-11.06,0.05,0.06,26.78,1088.34,9.87,0.97,0.32,0.97,0.29,0.16,0.18,0.08,0.33,0.93,0.00
184,16.54,-27.54,-6.60,18.25,-11.36,-0.12,0.06,25.35,1088.34,30.02,0.99,0.21,0.57,0.29,0.15,0.17,0.09,0.32,0.93,0.00
185,11.79,-19.40,-10.99,18.89,-12.14,1.04,0.10,35.87,1022.57,1.01,0.80,0.53,0.45,0.31,0.12,0.25,0.13,0.45,0.88,0.00
186,16.64,-27.52,6.13,17.65,-11.27,0.10,0.08,33.47,1088.34,17.23,0.99,0.21,0.94,0.27,0.15,0.18,0.11,0.42,0.93,0.00
187,16.81,-27.19,1.01,18.74,-10.99,0.25,0.04,18.90,1088.34,10.40,1.00,0.22,0.79,0.31,0.16,0.19,0.05,0.23,0.93,0.00
188,16.75,-26.63,-19.91,19.01,-11.18,0.22,0.05,24.97,544.17,29.73,1.00,0.24,0.19,0.32,0.16,0.19,0.07,0.31,0.47,0.00
189,16.65,-26.01,-5.70,20.17,-11.02,0.21,0.06,25.53,544.17,13.91,0.99,0.27,0.60,0.36,0.16,0.19,0.08,0.32,0.47,0.00
190,15.44,-22.25,-5.55,18.74,-12.60,-0.85,0.07,30.80,1166.08,13.70,0.95,0.42,0.60,0.31,0.10,0.12,0.10,0.39,1.00,0.00
191,8.31,-20.16,-11.84,18.49,-11.67,-0.82,0.03,14.99,1003.47,1.72,0.67,0.50,0.42,0.30,0.14,0.12,0.03,0.18,0.86,0.00
192,7.46,-20.06,-11.39,18.44,-10.96,-0.88,0.06,28.12,487.72,49.22,0.63,0.50,0.43,0.30,0.17,0.12,0.08,0.35,0.42,0.00
193,6.38,-19.40,-11.14,18.25,-11.28,-0.68,0.08,40.84,96.01,202.01,0.59,0.53,0.44,0.29,0.15,0.13,0.10,0.52,0.08,0.00
194,6.15,-19.24,-11.14,18.42,-11.31,-0.65,0.06,34.02,858.37,0.97,0.58,0.54,0.44,0.30,0.15,0.13,0.08,0.43,0.74,0.00
195,6.64,-20.90,-12.15,18.62,-11.35,-1.14,0.09,39.51,969.01,22.58,0.60,0.47,0.41,0.30,0.15,0.10,0.12,0.50,0.83,0.00
196,7.48,-21.21,-12.70,18.66,-11.76,-1.02,0.03,20.24,297.89,38.86,0.64,0.46,0.40,0.30,0.13,0.11,0.04,0.25,0.26,0.00
197,6.82,-19.77,-11.27,18.21,-10.84,-0.59,0.09,40.31,86.41,369.70,0.61,0.51,0.44,0.29,0.17,0.14,0.12,0.51,0.07,0.01
198,6.03,-17.26,-9.82,18.13,-11.54,0.15,0.11,52.26,216.01,111.51,0.58,0.61,0.48,0.28,0.14,0.19,0.16,0.66,0.19,0.00
199,3.93,-19.02,-11.56,20.66,-13.91,-0.87,0.13,55.45,270.68,167.26,0.50,0.54,0.43,0.38,0.04,0.12,0.18,0.71,0.23,0.00
200,5.98,-27.25,-17.54,26.25,-11.90,-2.44,0.07,26.93,357.73,19.37,0.58,0.22,0.26,0.60,0.13,0.01,0.09,0.34,0.31,0.00
201,4.54,-29.90,-19.44,27.76,-10.63,-1.86,0.07,18.09,354.77,62.45,0.52,0.11,0.20,0.66,0.18,0.05,0.09,0.22,0.30,0.00
202,4.70,-29.63,-19.34,29.45,-10.85,-1.78,0.07,21.07,709.55,1.09,0.53,0.12,0.21,0.72,0.17,0.05,0.09,0.26,0.61,0.00
203,4.99,-29.75,-18.75,24.86,-11.62,-2.56,0.05,23.78,709.55,10.83,0.54,0.12,0.22,0.55,0.14,0.00,0.07,0.30,0.61,0.00
204,5.08,-29.27,-18.25,24.78,-12.21,-2.22,0.06,35.68,62.73,356.23,0.54,0.14,0.24,0.54,0.11,0.02,0.09,0.45,0.05,0.01
205,3.59,-28.94,-19.02,28.84,-10.36,-1.56,0.06,14.83,61.66,252.20,0.48,0.15,0.22,0.70,0.19,0.07,0.08,0.18,0.05,0.01
206,3.28,-28.74,-18.94,27.40,-10.18,-1.52,0.06,22.04,150.58,79.14,0.47,0.16,0.22,0.64,0.20,0.07,0.08,0.27,0.13,0.00
207,4.08,-9.96,-6.05,19.37,0.06,6.92,0.10,27.11,154.47,3.63,0.50,0.90,0.59,0.33,0.64,0.65,0.14,0.34,0.13,0.00
208,4.16,-10.09,-6.12,19.34,0.00,6.85,0.10,27.11,154.47,3.17,0.51,0.90,0.59,0.33,0.64,0.65,0.14,0.34,0.13,0.00
209,7.31,-19.57,-12.37,32.36,-8.40,-1.09,0.07,22.52,53.52,138.12,0.63,0.52,0.41,0.84,0.28,0.10,0.10,0.28,0.05,0.00
210,7.01,-20.42,-13.03,33.07,-8.38,-1.12,0.06,22.93,214.07,19.15,0.62,0.49,0.39,0.86,0.28,0.10,0.08,0.28,0.18,0.00
211,6.44,-24.49,-15.88,36.56,-8.93,-1.27,0.05,19.46,369.19,8.24,0.60,0.33,0.31,1.00,0.25,0.09,0.07,0.24,0.32,0.00
212,6.10,-20.11,-12.93,31.87,-8.69,-1.20,0.06,29.69,405.87,24.42,0.58,0.50,0.39,0.82,0.26,0.09,0.09,0.37,0.35,0.00
213,5.99,-20.41,-13.13,32.15,-8.99,-1.41,0.05,24.23,420.50,19.99,0.58,0.49,0.39,0.83,0.25,0.08,0.07,0.30,0.36,0.00
214,5.55,-22.86,-15.01,32.15,-9.33,-1.46,0.05,28.47,227.70,53.13,0.56,0.39,0.33,0.83,0.24,0.08,0.07,0.36,0.20,0.00
215,6.56,-20.90,-12.73,33.06,-9.38,-1.78,0.05,20.96,192.47,7.21,0.60,0.47,0.40,0.86,0.23,0.05,0.06,0.26,0.17,0.00
216,6.83,-20.61,-12.55,31.24,-9.50,-1.96,0.05,21.73,192.47,15.12,0.61,0.48,0.40,0.79,0.23,0.04,0.07,0.27,0.17,0.00
217,7.90,-20.64,-12.68,32.79,-8.80,-1.10,0.07,27.69,75.89,22.65,0.65,0.48,0.40,0.85,0.26,0.10,0.09,0.35,0.07,0.00
218,2.14,-17.97,-10.99,18.63,0.62,7.03,0.46,70.77,2.72,6775.59,0.43,0.59,0.45,0.30,0.67,0.66,0.65,0.90,0.00,0.16
219,5.49,-23.46,-15.12,24.27,-11.49,-2.55,0.05,27.33,102.21,108.92,0.56,0.37,0.33,0.52,0.14,0.00,0.06,0.34,0.09,0.00
220,5.69,-21.25,-12.83,23.18,-12.65,-0.53,0.03,17.79,136.13,85.68,0.57,0.46,0.39,0.48,0.09,0.14,0.03,0.22,0.12,0.00
221,5.41,-21.82,-13.69,22.84,-11.62,-2.03,0.03,15.64,357.73,25.91,0.56,0.43,0.37,0.47,0.14,0.04,0.03,0.19,0.31,0.00
222,5.78,-21.50,-13.12,22.09,-12.44,-0.72,0.01,9.11,836.72,7.50,0.57,0.45,0.39,0.44,0.10,0.13,0.01,0.11,0.72,0.00
223,5.75,-21.64,-13.11,21.97,-12.11,-0.78,0.01,5.28,836.72,4.10,0.57,0.44,0.39,0.43,0.12,0.12,0.00,0.06,0.72,0.00
224,5.31,-21.62,-13.42,21.52,-11.57,-1.59,0.01,5.56,367.26,7.31,0.55,0.44,0.38,0.42,0.14,0.07,0.00,0.06,0.31,0.00
225,5.84,-22.22,-2.82,22.52,-12.48,-0.66,0.01,7.67,836.72,7.99,0.57,0.42,0.68,0.45,0.10,0.13,0.01,0.09,0.72,0.00
226,5.87,-22.10,-13.17,21.89,-12.30,-0.50,0.01,7.87,286.20,36.37,0.57,0.42,0.38,0.43,0.11,0.14,0.01,0.09,0.25,0.00
227,5.01,-21.97,-13.80,25.00,-11.74,0.57,0.02,11.84,376.87,5.91,0.54,0.43,0.37,0.55,0.13,0.21,0.02,0.14,0.32,0.00
228,3.52,-13.76,-9.53,17.74,-0.16,6.16,0.15,38.08,74.28,40.77,0.48,0.75,0.49,0.27,0.63,0.60,0.21,0.48,0.06,0.00
229,2.18,-16.73,-11.70,27.68,-8.46,-0.31,0.08,25.67,223.18,27.49,0.43,0.64,0.43,0.65,0.27,0.15,0.10,0.32,0.19,0.00
230,1.81,-17.06,-12.01,27.74,-8.60,-0.44,0.06,22.70,446.37,11.39,0.41,0.62,0.42,0.66,0.27,0.15,0.08,0.28,0.38,0.00
231,1.82,-16.77,-11.86,27.18,-8.70,-0.48,0.07,24.86,446.37,33.87,0.41,0.63,0.42,0.64,0.26,0.14,0.09,0.31,0.38,0.00
232,2.31,-17.74,-12.36,27.09,-8.23,0.04,0.07,23.84,262.76,40.36,0.43,0.59,0.41,0.63,0.28,0.18,0.09,0.30,0.23,0.00
233,2.43,-18.65,-12.90,25.88,-8.45,0.18,0.07,19.44,523.75,0.83,0.44,0.56,0.39,0.59,0.27,0.19,0.09,0.24,0.45,0.00
234,2.78,-19.72,-13.49,25.47,-8.53,0.18,0.07,28.21,44.25,539.76,0.45,0.52,0.37,0.57,0.27,0.19,0.09,0.35,0.04,0.01
235,2.97,-20.50,-13.93,25.05,-8.60,0.30,0.07,22.68,635.76,24.68,0.46,0.49,0.36,0.55,0.27,0.20,0.10,0.28,0.55,0.00
236,2.19,-18.17,-12.60,25.92,-8.10,0.22,0.01,6.02,523.75,1.18,0.43,0.58,0.40,0.59,0.29,0.19,0.01,0.07,0.45,0.00
237,2.06,-17.50,-12.16,28.14,-8.38,0.24,0.05,13.98,523.75,2.55,0.42,0.60,0.41,0.67,0.28,0.19,0.06,0.17,0.45,0.00
238,1.51,-17.29,-11.99,29.43,-8.68,0.09,0.06,22.17,523.75,3.07,0.40,0.61,0.42,0.72,0.26,0.18,0.09,0.27,0.45,0.00
239,1.49,-17.17,-11.95,27.93,-8.43,0.15,0.06,18.74,523.75,16.07,0.40,0.62,0.42,0.66,0.28,0.19,0.08,0.23,0.45,0.00
240,4.97,-22.68,-14.74,23.97,-10.60,-1.87,0.06,22.25,715.46,21.79,0.54,0.40,0.34,0.51,0.18,0.05,0.08,0.28,0.61,0.00
241,5.10,-22.52,-14.46,22.72,-10.99,-2.16,0.05,25.98,715.46,17.22,0.54,0.41,0.35,0.46,0.16,0.03,0.06,0.32,0.61,0.00
242,3.71,-21.46,-14.24,26.64,-9.25,0.68,0.06,26.14,635.76,1.49,0.49,0.45,0.35,0.61,0.24,0.22,0.08,0.33,0.55,0.00
243,2.01,-18.64,-12.77,27.86,-8.30,0.50,0.05,17.53,537.45,6.29,0.42,0.56,0.40,0.66,0.28,0.21,0.06,0.21,0.46,0.00
244,2.30,-18.53,-12.62,25.51,-8.49,0.22,0.06,22.10,537.45,2.93,0.43,0.56,0.40,0.57,0.27,0.19,0.08,0.27,0.46,0.00
245,3.53,-21.13,-14.05,24.23,-9.61,0.32,0.07,27.57,317.88,11.81,0.48,0.46,0.36,0.52,0.22,0.20,0.09,0.34,0.27,0.00
246,3.81,-20.94,-13.72,24.34,-10.72,0.19,0.05,21.71,635.76,5.87,0.49,0.47,0.37,0.53,0.18,0.19,0.06,0.27,0.55,0.00
247,1.85,-17.57,-11.97,26.44,-8.65,0.12,0.06,26.12,537.45,7.92,0.42,0.60,0.42,0.61,0.27,0.18,0.08,0.33,0.46,0.00
248,2.17,-18.30,-12.26,26.30,-9.15,-0.04,0.07,23.79,268.72,20.44,0.43,0.57,0.41,0.60,0.24,0.17,0.09,0.30,0.23,0.00
249,2.30,-17.71,-11.79,26.18,-9.00,0.12,0.08,24.47,455.52,19.82,0.43,0.60,0.42,0.60,0.25,0.18,0.10,0.30,0.39,0.00
250,2.27,-16.93,-11.21,29.61,-9.08,0.23,0.07,28.18,455.52,1.61,0.43,0.63,0.44,0.73,0.25,0.19,0.09,0.35,0.39,0.00
251,2.48,-16.99,-11.09,27.92,-9.18,-0.05,0.08,25.77,227.76,84.77,0.44,0.62,0.44,0.66,0.24,0.17,0.11,0.32,0.20,0.00
252,1.24,-15.42,-10.49,26.74,-9.04,-0.38,0.07,21.96,227.76,16.71,0.39,0.69,0.46,0.62,0.25,0.15,0.10,0.27,0.20,0.00
253,NA,NA,NA,NA,NA,NA,0.07,22.58,455.52,5.39,NA,NA,NA,NA,NA,NA,0.09,0.28,0.39,0.00
254,2.54,-14.94,-9.54,27.41,-8.75,-0.34,0.08,22.00,58.44,158.31,0.44,0.71,0.49,0.64,0.26,0.15,0.10,0.27,0.05,0.00
255,3.55,-14.23,-8.63,31.77,-8.76,-0.16,0.06,18.54,350.65,8.32,0.48,0.73,0.51,0.81,0.26,0.17,0.08,0.23,0.30,0.00
256,3.85,-14.12,-8.41,27.32,-8.48,-0.28,0.11,34.18,14.60,575.12,0.49,0.74,0.52,0.64,0.27,0.16,0.15,0.43,0.01,0.01
257,1.53,-14.87,-9.92,31.52,-8.71,0.11,0.09,23.67,350.65,21.05,0.40,0.71,0.48,0.80,0.26,0.18,0.12,0.29,0.30,0.00
258,1.42,-15.00,-10.07,26.86,-8.65,-0.21,0.09,24.51,58.44,139.98,0.40,0.70,0.47,0.62,0.27,0.16,0.12,0.31,0.05,0.00
259,2.89,-19.96,-13.15,25.70,-9.77,-0.05,0.06,19.31,537.45,20.68,0.46,0.51,0.38,0.58,0.22,0.17,0.08,0.24,0.46,0.00
260,3.31,-19.79,-12.76,27.26,-9.90,-0.19,0.07,20.59,213.01,36.86,0.47,0.51,0.40,0.64,0.21,0.16,0.09,0.25,0.18,0.00
261,3.39,-19.87,-12.80,25.96,-10.26,-0.55,0.07,25.22,426.03,15.52,0.48,0.51,0.39,0.59,0.20,0.14,0.10,0.31,0.37,0.00
262,3.31,-19.15,-12.27,25.89,-9.58,-0.33,0.07,22.50,426.03,7.11,0.47,0.54,0.41,0.59,0.23,0.15,0.09,0.28,0.37,0.00
263,3.99,-20.26,-12.83,25.19,-9.40,0.04,0.06,26.89,426.03,2.81,0.50,0.50,0.39,0.56,0.23,0.18,0.08,0.34,0.37,0.00
264,4.10,-21.50,-13.77,25.83,-10.24,0.08,0.04,15.99,530.89,19.50,0.50,0.45,0.37,0.58,0.20,0.18,0.05,0.19,0.46,0.00
265,4.57,-22.18,-14.11,23.97,-9.26,0.42,0.06,28.18,426.03,17.65,0.52,0.42,0.36,0.51,0.24,0.20,0.08,0.35,0.37,0.00
266,5.16,-23.26,-14.76,24.10,-9.08,0.73,0.05,25.36,132.72,83.56,0.55,0.38,0.34,0.52,0.25,0.23,0.07,0.32,0.11,0.00
267,4.84,-23.29,-14.86,23.02,-8.78,1.13,0.06,32.62,558.32,1.75,0.53,0.38,0.34,0.47,0.26,0.25,0.07,0.41,0.48,0.00
268,5.26,-22.52,-14.26,22.37,-8.86,1.16,0.05,29.84,553.83,0.45,0.55,0.41,0.35,0.45,0.26,0.26,0.07,0.37,0.47,0.00
269,4.91,-23.33,-14.88,24.19,-8.69,1.00,0.04,20.84,426.03,5.43,0.54,0.37,0.34,0.52,0.26,0.24,0.05,0.26,0.37,0.00
270,5.58,-21.17,-13.22,22.11,-9.96,0.75,0.04,26.56,553.83,3.98,0.56,0.46,0.38,0.44,0.21,0.23,0.05,0.33,0.47,0.00
271,5.58,-21.17,-13.22,22.11,-9.96,0.75,0.04,17.66,530.89,0.65,0.56,0.46,0.38,0.44,0.21,0.23,0.05,0.22,0.46,0.00
272,4.97,-22.08,-13.97,24.36,-12.27,0.42,0.03,18.54,753.74,0.68,0.54,0.42,0.36,0.53,0.11,0.21,0.04,0.23,0.65,0.00
273,4.43,-13.86,-9.36,18.02,-0.83,5.50,0.25,41.16,234.36,3.93,0.52,0.75,0.49,0.28,0.60,0.55,0.35,0.52,0.20,0.00
274,4.39,-14.45,-9.87,18.13,-1.32,5.12,0.25,41.16,234.36,8.45,0.52,0.73,0.48,0.28,0.58,0.53,0.35,0.52,0.20,0.00
275,2.08,-23.39,-14.92,24.42,-8.32,0.46,0.07,26.38,330.99,11.52,0.42,0.37,0.33,0.53,0.28,0.21,0.09,0.33,0.28,0.00
276,1.93,-23.32,-14.90,25.43,-7.98,0.87,0.07,28.03,330.99,2.86,0.42,0.37,0.33,0.57,0.30,0.24,0.09,0.35,0.28,0.00
277,1.79,-23.81,-15.24,24.93,-8.22,0.77,0.06,21.42,330.99,1.34,0.41,0.35,0.32,0.55,0.28,0.23,0.08,0.26,0.28,0.00
278,2.23,-21.62,-13.86,28.19,-8.30,0.44,0.06,20.26,330.99,19.74,0.43,0.44,0.36,0.67,0.28,0.21,0.08,0.25,0.28,0.00
279,2.39,-21.52,-13.71,26.21,-8.22,0.31,0.07,23.18,160.58,51.44,0.44,0.45,0.37,0.60,0.28,0.20,0.09,0.29,0.14,0.00
280,2.80,-22.86,-14.52,24.16,-8.27,0.57,0.01,11.56,165.49,28.76,0.45,0.39,0.35,0.52,0.28,0.22,0.01,0.14,0.14,0.00
281,2.67,-22.21,-14.02,23.98,-8.08,0.60,0.04,16.69,330.99,2.24,0.45,0.42,0.36,0.51,0.29,0.22,0.06,0.20,0.28,0.00
282,1.73,-23.61,-15.09,24.96,-8.02,1.31,0.05,20.21,330.99,2.97,0.41,0.36,0.33,0.55,0.29,0.27,0.06,0.25,0.28,0.00
283,1.40,-24.18,-15.50,23.59,-8.58,0.64,0.06,32.88,330.99,1.46,0.40,0.34,0.32,0.50,0.27,0.22,0.08,0.41,0.28,0.00
284,3.70,-22.74,-14.58,26.27,-8.40,0.79,0.06,22.39,213.01,23.62,0.49,0.40,0.34,0.60,0.28,0.23,0.08,0.28,0.18,0.00
285,5.17,-19.50,-12.06,21.39,-10.36,1.04,0.05,30.16,276.92,8.15,0.55,0.53,0.42,0.41,0.19,0.25,0.06,0.38,0.24,0.00
286,4.68,-19.70,-12.28,21.55,-10.20,1.23,0.06,35.87,276.92,29.43,0.53,0.52,0.41,0.42,0.20,0.26,0.08,0.45,0.24,0.00
287,4.50,-20.30,-12.75,21.89,-9.71,1.47,0.05,34.27,553.83,4.98,0.52,0.49,0.40,0.43,0.22,0.28,0.07,0.43,0.47,0.00
288,4.21,-19.96,-12.55,22.01,-10.03,1.50,0.06,34.09,553.83,1.98,0.51,0.51,0.40,0.43,0.21,0.28,0.07,0.43,0.47,0.00
289,6.08,-19.16,-11.69,20.57,-11.16,0.04,0.05,31.94,553.83,2.20,0.58,0.54,0.43,0.38,0.16,0.18,0.07,0.40,0.47,0.00
290,3.68,-22.55,-14.43,23.32,-8.64,1.59,0.05,23.89,558.32,1.80,0.49,0.40,0.35,0.49,0.27,0.29,0.06,0.30,0.48,0.00
291,6.31,-19.62,-11.92,20.72,-11.39,-0.36,0.06,32.41,339.18,16.67,0.59,0.52,0.42,0.38,0.15,0.15,0.08,0.41,0.29,0.00
292,5.19,-20.21,-12.64,23.87,-12.22,0.05,0.16,43.47,648.87,4.20,0.55,0.50,0.40,0.51,0.11,0.18,0.22,0.55,0.56,0.00
293,5.94,-22.14,-13.21,22.28,-12.61,-0.36,0.02,9.40,753.74,0.70,0.58,0.42,0.38,0.44,0.09,0.15,0.02,0.11,0.65,0.00
294,4.23,-21.64,-14.08,27.38,-9.98,0.04,0.03,13.39,734.52,3.04,0.51,0.44,0.36,0.64,0.21,0.18,0.04,0.16,0.63,0.00
295,0.95,-15.88,-11.29,26.67,-8.67,-0.48,0.08,26.50,223.18,26.36,0.38,0.67,0.44,0.62,0.27,0.14,0.10,0.33,0.19,0.00
296,0.90,-15.86,-11.27,27.68,-8.60,-0.39,0.08,28.03,63.77,208.77,0.38,0.67,0.44,0.65,0.27,0.15,0.11,0.35,0.05,0.00
297,0.87,-16.56,-11.74,27.38,-8.51,-0.35,0.08,29.64,44.64,129.89,0.38,0.64,0.42,0.64,0.27,0.15,0.11,0.37,0.04,0.00
298,3.47,-19.19,-12.22,28.29,-9.15,0.15,0.08,23.26,106.51,163.51,0.48,0.54,0.41,0.68,0.24,0.19,0.10,0.29,0.09,0.00
299,3.17,-19.63,-12.19,29.34,-8.47,0.16,0.08,23.55,160.58,42.38,0.47,0.52,0.41,0.72,0.27,0.19,0.10,0.29,0.14,0.00
300,3.19,-19.43,-12.05,26.49,-8.43,-0.02,0.07,24.07,321.16,11.35,0.47,0.53,0.42,0.61,0.28,0.17,0.09,0.30,0.28,0.00
301,3.57,-23.27,-14.82,24.49,-8.04,1.03,0.01,13.52,558.32,12.69,0.48,0.38,0.34,0.53,0.29,0.25,0.01,0.16,0.48,0.00
302,3.22,-23.28,-14.85,25.47,-7.68,1.34,0.01,13.56,558.32,1.57,0.47,0.38,0.34,0.57,0.31,0.27,0.01,0.16,0.48,0.00
303,-0.49,-23.47,-15.14,23.35,-8.96,1.64,0.05,31.05,558.32,4.06,0.32,0.37,0.33,0.49,0.25,0.29,0.07,0.39,0.48,0.00
304,-0.73,-26.54,-17.27,24.30,-8.58,1.41,0.01,12.32,330.99,4.36,0.32,0.25,0.27,0.52,0.27,0.27,0.01,0.15,0.28,0.00
305,0.16,-24.60,-15.88,23.27,-8.31,1.32,0.03,21.82,330.99,5.10,0.35,0.32,0.31,0.48,0.28,0.27,0.04,0.27,0.28,0.00
306,0.63,-24.91,-16.13,23.82,-8.41,1.11,0.05,27.65,330.99,12.63,0.37,0.31,0.30,0.50,0.28,0.25,0.06,0.35,0.28,0.00
307,0.98,-26.82,-17.97,25.71,-8.48,0.87,0.07,24.58,165.49,19.71,0.38,0.24,0.25,0.58,0.27,0.24,0.09,0.31,0.14,0.00
308,1.12,-25.87,-16.90,24.96,-7.76,1.22,0.07,28.58,330.99,0.13,0.39,0.27,0.28,0.55,0.30,0.26,0.10,0.36,0.28,0.00
309,0.85,-27.39,-18.73,26.39,-8.09,1.27,0.08,26.88,216.29,30.30,0.38,0.21,0.23,0.60,0.29,0.26,0.11,0.34,0.19,0.00
310,0.54,-22.84,-14.66,22.81,-8.32,1.52,0.00,1.00,558.32,1.59,0.36,0.39,0.34,0.47,0.28,0.28,0.00,0.00,0.48,0.00
311,0.54,-23.43,-14.96,23.75,-8.40,1.44,0.05,30.79,330.99,2.48,0.36,0.37,0.33,0.50,0.28,0.27,0.07,0.39,0.28,0.00
312,2.76,-16.34,-10.55,25.27,-7.74,-0.21,0.09,29.59,36.05,99.48,0.45,0.65,0.46,0.56,0.31,0.16,0.12,0.37,0.03,0.00
313,2.83,-16.99,-11.14,24.91,-7.26,0.24,0.07,36.52,48.06,128.07,0.45,0.62,0.44,0.55,0.33,0.19,0.10,0.46,0.04,0.00
314,2.33,-17.21,-11.51,26.74,-7.03,0.84,0.07,29.81,127.81,0.76,0.43,0.62,0.43,0.62,0.34,0.23,0.10,0.37,0.11,0.00
315,2.13,-18.63,-12.69,25.14,-6.84,0.81,0.07,26.82,127.81,2.98,0.43,0.56,0.40,0.56,0.34,0.23,0.09,0.33,0.11,0.00
316,2.11,-18.70,-12.75,28.88,-6.86,1.02,0.07,27.82,127.81,5.43,0.43,0.56,0.40,0.70,0.34,0.25,0.09,0.35,0.11,0.00
317,1.06,-20.44,-14.33,25.71,-7.48,0.35,0.07,25.08,31.95,81.15,0.39,0.49,0.35,0.58,0.32,0.20,0.09,0.31,0.03,0.00
318,0.97,-20.58,-14.47,25.43,-7.51,0.40,0.06,22.48,127.81,0.51,0.38,0.48,0.35,0.57,0.32,0.20,0.08,0.28,0.11,0.00
319,1.36,-20.40,-14.31,25.31,-7.23,0.56,0.07,26.10,127.81,5.76,0.40,0.49,0.35,0.56,0.33,0.21,0.09,0.33,0.11,0.00
320,0.88,-19.91,-14.08,27.83,-7.91,0.60,0.07,30.06,216.29,5.65,0.38,0.51,0.36,0.66,0.30,0.22,0.09,0.38,0.19,0.00
321,1.75,-19.08,-12.97,24.78,-6.57,1.15,0.05,20.03,111.42,1.24,0.41,0.54,0.39,0.54,0.36,0.25,0.06,0.25,0.10,0.00
322,2.09,-17.59,-12.06,23.20,-6.36,1.31,0.06,21.16,0.00,129.12,0.43,0.60,0.42,0.48,0.37,0.27,0.08,0.26,0.00,0.00
323,1.95,-18.91,-12.91,23.92,-6.29,1.31,0.07,32.76,0.00,135.59,0.42,0.55,0.39,0.51,0.37,0.27,0.10,0.41,0.00,0.00
324,1.88,-19.51,-13.28,23.71,-6.18,1.33,0.07,26.87,0.00,116.83,0.42,0.53,0.38,0.50,0.37,0.27,0.09,0.34,0.00,0.00
325,1.78,-18.90,-12.86,25.29,-6.28,1.47,0.06,26.47,127.81,0.73,0.41,0.55,0.39,0.56,0.37,0.28,0.08,0.33,0.11,0.00
326,1.45,-20.58,-14.01,27.74,-6.92,1.12,0.07,34.08,127.81,16.54,0.40,0.48,0.36,0.66,0.34,0.25,0.09,0.43,0.11,0.00
327,2.12,-19.98,-13.50,25.40,-6.29,1.30,0.08,27.18,127.81,8.40,0.43,0.51,0.37,0.57,0.37,0.27,0.10,0.34,0.11,0.00
328,2.09,-20.89,-14.19,25.55,-6.32,1.29,0.07,26.94,15.98,312.96,0.43,0.47,0.35,0.57,0.37,0.26,0.10,0.34,0.01,0.01
329,0.57,-24.50,-17.35,29.10,-8.08,1.27,0.02,10.87,216.29,0.52,0.37,0.33,0.26,0.71,0.29,0.26,0.03,0.13,0.19,0.00
330,0.40,-29.66,-20.46,27.66,-8.02,1.51,0.07,24.10,216.29,4.35,0.36,0.12,0.18,0.65,0.29,0.28,0.09,0.30,0.19,0.00
331,0.18,-27.48,-18.20,25.07,-7.56,1.65,0.04,25.96,340.82,0.61,0.35,0.21,0.24,0.55,0.31,0.29,0.05,0.32,0.29,0.00
332,-0.31,-28.13,-18.34,24.41,-7.53,1.89,0.07,29.38,340.82,5.31,0.33,0.18,0.24,0.53,0.31,0.31,0.09,0.37,0.29,0.00
333,-0.90,-28.81,-18.64,24.12,-7.75,1.95,0.07,27.22,340.82,18.50,0.31,0.16,0.23,0.52,0.30,0.31,0.09,0.34,0.29,0.00
334,-0.88,-26.49,-17.28,23.40,-8.00,1.86,0.06,34.74,340.82,4.56,0.31,0.25,0.27,0.49,0.29,0.30,0.09,0.44,0.29,0.00
335,0.33,-25.48,-17.28,29.74,-7.31,1.78,0.04,17.05,226.12,0.51,0.36,0.29,0.27,0.73,0.32,0.30,0.05,0.21,0.19,0.00
336,0.43,-25.20,-16.74,25.67,-7.38,1.23,0.06,22.26,32.30,208.03,0.36,0.30,0.28,0.58,0.32,0.26,0.08,0.28,0.03,0.00
337,6.33,-9.46,-1.79,17.99,-6.25,4.06,0.07,26.64,388.61,13.84,0.59,0.92,0.71,0.28,0.37,0.45,0.09,0.33,0.33,0.00
338,6.07,-9.49,-1.54,17.58,-6.65,3.89,0.07,35.61,388.61,10.05,0.58,0.92,0.72,0.26,0.35,0.44,0.10,0.45,0.33,0.00
339,6.54,-9.40,-1.75,18.00,-3.90,5.70,0.09,20.69,262.68,7.33,0.60,0.93,0.71,0.28,0.47,0.57,0.12,0.26,0.23,0.00
340,6.61,-9.53,-1.65,18.01,-3.66,5.91,0.14,37.46,592.54,22.18,0.60,0.92,0.71,0.28,0.48,0.58,0.19,0.47,0.51,0.00
341,6.76,-9.39,-1.33,17.89,-5.07,5.13,0.12,31.71,65.67,74.09,0.61,0.93,0.72,0.27,0.42,0.53,0.17,0.40,0.06,0.00
342,7.39,-9.26,-2.40,17.53,-2.58,5.46,0.11,39.98,375.55,4.42,0.63,0.93,0.69,0.26,0.53,0.55,0.16,0.51,0.32,0.00
343,10.13,-14.52,-6.88,22.26,-2.30,4.94,0.08,24.82,0.00,9.55,0.74,0.72,0.56,0.44,0.54,0.51,0.11,0.31,0.00,0.00
344,0.25,-27.71,-18.52,25.41,-7.25,1.64,0.04,22.70,226.12,1.00,0.35,0.20,0.23,0.57,0.33,0.29,0.05,0.28,0.19,0.00
345,0.43,-27.06,-17.68,26.45,-7.43,1.86,0.05,17.14,226.12,1.63,0.36,0.23,0.26,0.61,0.32,0.30,0.06,0.21,0.19,0.00
346,0.84,-27.05,-17.25,24.83,-7.34,1.75,0.06,26.29,56.53,86.92,0.38,0.23,0.27,0.54,0.32,0.30,0.09,0.33,0.05,0.00
347,1.56,-24.54,-15.60,23.65,-6.83,2.12,0.05,18.61,226.12,2.58,0.40,0.33,0.31,0.50,0.34,0.32,0.06,0.23,0.19,0.00
348,1.69,-24.18,-15.33,23.76,-7.43,1.76,0.05,16.33,226.12,55.85,0.41,0.34,0.32,0.50,0.32,0.30,0.06,0.20,0.19,0.00
349,0.05,-24.44,-15.87,22.62,-8.32,1.71,0.04,23.76,340.82,3.95,0.35,0.33,0.31,0.46,0.28,0.29,0.05,0.30,0.29,0.00
350,3.51,-22.87,-14.30,22.46,-7.72,2.02,0.05,30.29,170.41,35.37,0.48,0.39,0.35,0.45,0.31,0.31,0.06,0.38,0.15,0.00
351,5.13,-17.29,-10.34,20.00,-9.39,1.41,0.05,32.62,99.13,57.56,0.54,0.61,0.46,0.36,0.23,0.27,0.06,0.41,0.09,0.00
352,3.53,-22.58,-14.36,22.49,-6.71,2.70,0.08,36.63,281.83,0.59,0.48,0.40,0.35,0.45,0.35,0.36,0.10,0.46,0.24,0.00
353,3.32,-23.13,-14.71,24.58,-6.39,3.16,0.08,34.57,281.83,3.92,0.47,0.38,0.34,0.53,0.36,0.39,0.10,0.44,0.24,0.00
354,2.55,-24.75,-15.76,23.50,-6.56,2.34,0.04,19.46,281.83,11.76,0.44,0.32,0.31,0.49,0.36,0.34,0.06,0.24,0.24,0.00
355,1.41,-22.59,-14.84,23.35,-6.80,1.34,0.06,22.49,226.12,70.13,0.40,0.40,0.34,0.49,0.35,0.27,0.08,0.28,0.19,0.00
356,1.97,-23.04,-14.96,23.05,-6.80,1.63,0.05,17.69,226.12,29.66,0.42,0.39,0.33,0.47,0.35,0.29,0.06,0.22,0.19,0.00
357,1.78,-22.61,-14.72,22.68,-6.91,1.45,0.06,29.77,46.97,264.29,0.41,0.40,0.34,0.46,0.34,0.28,0.08,0.37,0.04,0.01
358,1.67,-21.11,-13.93,22.08,-6.75,1.44,0.05,21.63,56.37,91.66,0.41,0.46,0.36,0.44,0.35,0.27,0.07,0.27,0.05,0.00
359,0.93,-19.15,-12.98,22.82,-6.20,2.44,0.06,24.33,25.67,162.80,0.38,0.54,0.39,0.47,0.37,0.34,0.08,0.30,0.02,0.00
360,1.06,-19.79,-13.28,24.08,-6.42,2.68,0.06,22.98,70.46,96.08,0.39,0.51,0.38,0.51,0.36,0.36,0.07,0.29,0.06,0.00
361,2.02,-17.98,-11.09,19.12,1.16,7.55,0.21,61.43,4.52,402.25,0.42,0.59,0.44,0.32,0.69,0.69,0.29,0.78,0.00,0.01
362,1.13,-18.32,-12.49,22.55,-6.95,3.51,0.07,34.08,281.83,37.62,0.39,0.57,0.40,0.46,0.34,0.42,0.09,0.43,0.24,0.00
363,0.28,-18.74,-12.89,22.72,-6.33,3.06,0.07,26.56,324.43,1.64,0.35,0.56,0.39,0.46,0.37,0.39,0.09,0.33,0.28,0.00
364,2.98,-14.82,-9.45,20.80,-8.67,3.33,0.06,17.19,452.24,0.20,0.46,0.71,0.49,0.39,0.26,0.40,0.09,0.21,0.39,0.00
365,0.80,-17.66,-12.08,22.94,-5.86,2.56,0.05,17.38,196.63,18.74,0.37,0.60,0.42,0.47,0.39,0.35,0.07,0.21,0.17,0.00
366,0.97,-16.90,-11.65,22.04,-8.14,3.92,0.06,37.25,40.55,130.81,0.38,0.63,0.43,0.44,0.29,0.45,0.08,0.47,0.03,0.00
367,NA,NA,NA,NA,NA,NA,0.08,29.71,196.63,1.30,NA,NA,NA,NA,NA,NA,0.11,0.37,0.17,0.00
368,1.60,-16.72,-11.45,23.14,-5.65,2.64,0.07,27.05,8.19,60.07,0.41,0.64,0.43,0.48,0.40,0.36,0.09,0.34,0.01,0.00
369,0.31,-14.11,-9.99,20.50,-7.55,2.50,0.10,48.66,98.31,19.72,0.36,0.74,0.47,0.38,0.31,0.35,0.14,0.62,0.08,0.00
370,1.34,-17.02,-11.58,24.26,-5.37,3.13,0.05,18.43,16.39,5.39,0.40,0.62,0.43,0.52,0.41,0.39,0.07,0.23,0.01,0.00
371,1.47,-16.58,-11.20,23.29,-5.08,2.94,0.06,18.75,16.39,6.57,0.40,0.64,0.44,0.48,0.42,0.38,0.08,0.23,0.01,0.00
372,1.61,-14.63,-9.89,24.42,-4.84,3.78,0.07,21.15,16.39,3.18,0.41,0.72,0.48,0.53,0.43,0.44,0.09,0.26,0.01,0.00
373,1.38,-14.70,-10.00,23.55,-5.13,3.25,0.08,26.79,3.28,62.43,0.40,0.72,0.47,0.49,0.42,0.40,0.10,0.33,0.00,0.00
374,2.12,-15.95,-10.83,23.33,-5.17,2.77,0.09,26.78,2.73,228.13,0.43,0.67,0.45,0.49,0.42,0.37,0.12,0.33,0.00,0.01
375,2.72,-16.67,-10.96,22.77,-5.36,2.42,0.05,21.88,16.39,4.91,0.45,0.64,0.45,0.46,0.41,0.34,0.07,0.27,0.01,0.00
376,4.15,-15.37,-9.81,23.38,-4.64,2.72,0.08,24.00,0.00,57.97,0.51,0.69,0.48,0.49,0.44,0.36,0.10,0.30,0.00,0.00
377,3.11,-13.75,-8.72,23.59,-4.77,3.19,0.06,21.70,5.46,29.26,0.47,0.75,0.51,0.50,0.43,0.39,0.09,0.27,0.00,0.00
378,2.84,-12.61,-8.13,22.12,-5.44,3.26,0.03,14.57,16.39,5.78,0.45,0.80,0.53,0.44,0.40,0.40,0.04,0.18,0.01,0.00
379,3.42,-12.33,-7.60,21.88,-4.28,3.43,0.05,20.75,75.31,4.29,0.48,0.81,0.54,0.43,0.45,0.41,0.07,0.26,0.06,0.00
380,3.79,-16.34,-10.71,23.17,-4.87,2.82,0.06,20.36,0.00,673.63,0.49,0.65,0.45,0.48,0.43,0.37,0.09,0.25,0.00,0.02
381,5.23,-13.80,-8.28,24.67,-4.07,3.22,0.06,19.95,0.00,71.99,0.55,0.75,0.52,0.54,0.46,0.40,0.08,0.25,0.00,0.00
382,5.73,-12.29,-6.92,23.45,-3.58,3.41,0.07,25.90,36.05,11.65,0.57,0.81,0.56,0.49,0.48,0.41,0.09,0.32,0.03,0.00
383,7.45,-12.92,-7.04,23.12,-3.87,3.53,0.06,21.82,0.00,6.25,0.63,0.79,0.56,0.48,0.47,0.42,0.08,0.27,0.00,0.00
384,7.87,-12.07,-6.10,23.67,-3.11,3.98,0.07,25.99,0.00,98.35,0.65,0.82,0.59,0.50,0.51,0.45,0.10,0.32,0.00,0.00
385,7.99,-12.64,-6.46,23.35,-3.34,3.82,0.07,23.36,0.00,4.96,0.66,0.80,0.58,0.49,0.50,0.44,0.09,0.29,0.00,0.00
386,NA,NA,NA,NA,NA,NA,0.08,26.87,0.00,1.36,NA,NA,NA,NA,NA,NA,0.11,0.34,0.00,0.00
387,6.39,-15.45,-9.32,19.65,-4.79,2.31,0.08,22.17,0.00,33.29,0.59,0.69,0.49,0.34,0.43,0.33,0.10,0.27,0.00,0.00
388,6.64,-15.62,-9.30,19.73,-4.65,2.68,0.08,30.50,0.00,2.61,0.60,0.68,0.49,0.35,0.44,0.36,0.11,0.38,0.00,0.00
389,6.13,-15.95,-9.80,19.67,-5.34,1.22,0.10,38.77,0.00,143.82,0.58,0.67,0.48,0.34,0.41,0.26,0.13,0.49,0.00,0.00
390,5.97,-15.69,-9.74,19.02,-5.76,0.86,0.11,36.59,0.00,980.35,0.58,0.68,0.48,0.32,0.39,0.23,0.15,0.46,0.00,0.02
391,3.24,-13.74,-7.96,18.56,0.19,7.08,0.55,78.10,1.31,21696.33,0.47,0.75,0.53,0.30,0.65,0.66,0.78,1.00,0.00,0.50
392,6.88,-10.93,-5.29,23.99,-2.48,4.36,0.09,26.23,3.00,258.17,0.61,0.86,0.61,0.51,0.53,0.47,0.13,0.33,0.00,0.01
393,8.96,-14.68,-7.59,22.51,-3.74,3.64,0.07,23.76,0.00,45.58,0.69,0.72,0.54,0.45,0.48,0.43,0.10,0.30,0.00,0.00
394,9.06,-15.34,-7.80,23.39,-3.56,3.80,0.07,22.87,0.00,111.02,0.70,0.69,0.54,0.49,0.49,0.44,0.10,0.28,0.00,0.00
395,9.63,-13.94,-6.73,23.48,-2.56,4.52,0.08,28.64,0.00,12.81,0.72,0.75,0.57,0.49,0.53,0.49,0.11,0.36,0.00,0.00
396,11.05,-16.11,-7.87,21.96,-2.31,4.57,0.09,26.97,0.00,123.31,0.78,0.66,0.54,0.43,0.54,0.49,0.12,0.34,0.00,0.00
397,11.20,-17.56,-8.49,21.88,-2.31,4.54,0.07,19.56,0.00,20.79,0.78,0.60,0.52,0.43,0.54,0.49,0.10,0.24,0.00,0.00
398,10.33,-18.45,-9.31,21.30,-2.14,4.55,0.06,19.22,0.00,3.65,0.75,0.57,0.49,0.41,0.55,0.49,0.08,0.24,0.00,0.00
399,9.49,-16.62,-9.27,21.47,-3.42,3.48,0.06,26.77,0.00,3.56,0.71,0.64,0.50,0.41,0.49,0.41,0.08,0.33,0.00,0.00
400,9.68,-16.94,-9.72,20.20,-2.90,3.48,0.10,23.93,0.00,61.54,0.72,0.63,0.48,0.36,0.51,0.41,0.14,0.30,0.00,0.00
401,9.72,-16.12,-9.38,20.77,-3.16,3.17,0.10,30.63,0.00,367.94,0.72,0.66,0.49,0.39,0.50,0.39,0.13,0.38,0.00,0.01
402,7.63,-14.25,-7.56,20.43,-1.67,5.28,0.10,28.72,0.00,2.56,0.64,0.73,0.54,0.37,0.57,0.54,0.14,0.36,0.00,0.00
403,9.58,-18.49,-9.85,20.48,-2.31,4.51,0.07,22.77,0.00,36.79,0.72,0.57,0.48,0.38,0.54,0.49,0.09,0.28,0.00,0.00
404,8.88,-18.09,-9.37,20.94,-1.66,5.18,0.07,25.18,0.00,22.57,0.69,0.58,0.49,0.39,0.57,0.53,0.10,0.31,0.00,0.00
405,8.28,-19.14,-10.65,20.02,-2.01,5.06,0.06,18.17,0.00,28.01,0.67,0.54,0.46,0.36,0.55,0.52,0.09,0.22,0.00,0.00
406,8.90,-19.27,-10.89,20.09,-2.63,4.18,0.09,23.14,0.00,367.17,0.69,0.53,0.45,0.36,0.53,0.46,0.12,0.29,0.00,0.01
407,3.85,-18.45,-11.78,20.64,-0.61,6.02,0.08,18.18,0.00,134.78,0.49,0.57,0.42,0.38,0.61,0.59,0.11,0.22,0.00,0.00
408,1.86,-16.63,-11.45,19.15,-0.86,5.90,0.15,45.97,0.00,42.85,0.42,0.64,0.43,0.32,0.60,0.58,0.21,0.58,0.00,0.00
409,1.82,-16.37,-11.28,18.74,-0.96,5.81,0.14,39.25,0.00,10.33,0.41,0.65,0.44,0.31,0.60,0.57,0.19,0.50,0.00,0.00
410,3.33,-14.83,-9.09,18.19,-0.26,6.63,0.12,32.81,0.00,29.40,0.47,0.71,0.50,0.29,0.63,0.63,0.17,0.41,0.00,0.00
411,10.76,-17.74,-9.95,19.41,-2.50,3.73,0.07,13.49,0.00,42.80,0.76,0.60,0.48,0.33,0.53,0.43,0.09,0.16,0.00,0.00
412,9.60,-16.70,-9.62,18.88,-2.52,3.76,0.08,23.41,0.00,3.87,0.72,0.64,0.49,0.31,0.53,0.43,0.11,0.29,0.00,0.00
413,8.46,-15.74,-8.82,19.25,-1.26,5.02,0.07,15.19,0.00,18.24,0.67,0.67,0.51,0.33,0.59,0.52,0.09,0.18,0.00,0.00
414,7.46,-16.07,-9.17,19.16,-0.82,5.35,0.07,19.79,0.00,24.38,0.64,0.66,0.50,0.32,0.60,0.54,0.09,0.24,0.00,0.00
415,6.49,-14.52,-8.38,21.08,-0.36,6.12,0.07,22.25,0.00,0.75,0.60,0.72,0.52,0.40,0.62,0.60,0.09,0.28,0.00,0.00
416,5.55,-12.29,-7.17,18.29,-0.07,6.25,0.09,37.67,54.29,5.81,0.56,0.81,0.56,0.29,0.64,0.60,0.13,0.48,0.05,0.00
417,5.88,-13.94,-8.48,18.52,-0.23,5.79,0.07,13.42,0.00,21.84,0.57,0.75,0.52,0.30,0.63,0.57,0.09,0.16,0.00,0.00
418,4.80,-12.29,-7.62,18.22,0.05,6.40,0.07,18.95,376.73,0.51,0.53,0.81,0.54,0.29,0.64,0.62,0.09,0.23,0.32,0.00
419,NA,NA,NA,NA,NA,NA,0.07,19.90,376.73,0.51,NA,NA,NA,NA,NA,NA,0.10,0.25,0.32,0.00
420,4.69,-13.10,-8.34,18.30,-0.15,6.29,0.07,18.29,376.73,7.15,0.53,0.78,0.52,0.29,0.63,0.61,0.09,0.22,0.32,0.00
421,4.65,-13.81,-8.89,19.13,-0.24,6.34,0.06,14.32,376.73,0.39,0.53,0.75,0.51,0.32,0.63,0.61,0.08,0.17,0.32,0.00
422,NA,NA,NA,NA,NA,NA,0.08,26.03,373.25,2.38,NA,NA,NA,NA,NA,NA,0.11,0.32,0.32,0.00
423,4.67,-10.16,-6.15,18.29,-0.28,6.63,0.06,20.22,186.62,28.60,0.53,0.90,0.58,0.29,0.63,0.63,0.08,0.25,0.16,0.00
424,NA,NA,NA,NA,NA,NA,0.06,18.91,373.25,0.64,NA,NA,NA,NA,NA,NA,0.08,0.23,0.32,0.00
425,4.62,-10.76,-6.79,18.63,-0.54,6.33,0.07,24.63,274.14,13.52,0.52,0.87,0.57,0.30,0.62,0.61,0.09,0.31,0.24,0.00
426,5.47,-10.70,-6.45,19.47,-0.43,6.13,0.07,14.17,103.21,2.24,0.56,0.87,0.58,0.34,0.62,0.60,0.09,0.17,0.09,0.00
427,5.20,-10.82,-6.62,19.97,-0.55,6.15,0.06,14.83,134.76,50.47,0.55,0.87,0.57,0.36,0.62,0.60,0.08,0.18,0.12,0.00
428,6.94,-21.44,-14.44,32.60,-8.79,-1.45,0.06,25.69,24.61,378.36,0.61,0.45,0.35,0.85,0.26,0.08,0.09,0.32,0.02,0.01
429,6.85,-21.01,-14.24,32.28,-8.76,-1.45,0.05,22.56,369.19,7.69,0.61,0.47,0.35,0.83,0.26,0.08,0.07,0.28,0.32,0.00
430,6.02,-20.89,-12.88,32.10,-9.30,-1.75,0.05,35.35,245.65,14.28,0.58,0.47,0.39,0.83,0.24,0.06,0.07,0.45,0.21,0.00
431,3.35,-26.11,-17.02,29.09,-10.30,-1.54,0.08,34.39,4.13,6492.09,0.47,0.26,0.27,0.71,0.19,0.07,0.11,0.43,0.00,0.15
432,3.28,-30.82,-20.17,26.46,-10.74,-1.93,0.06,26.22,90.28,214.03,0.47,0.08,0.18,0.61,0.18,0.04,0.08,0.33,0.08,0.00
433,3.45,-29.02,-20.10,25.57,-12.94,-1.23,0.04,22.60,394.32,21.58,0.48,0.15,0.19,0.57,0.08,0.09,0.05,0.28,0.34,0.00
434,5.75,-22.91,-14.25,23.70,-11.78,-1.84,0.04,26.62,163.35,64.85,0.57,0.39,0.35,0.50,0.13,0.05,0.05,0.33,0.14,0.00
435,3.44,-21.33,-14.31,25.46,-9.61,0.00,0.08,29.89,635.76,0.06,0.48,0.45,0.35,0.57,0.22,0.18,0.10,0.37,0.55,0.00
436,1.75,-17.15,-12.09,27.50,-8.07,0.16,0.07,31.24,525.51,1.07,0.41,0.62,0.41,0.65,0.29,0.19,0.09,0.39,0.45,0.00
437,2.34,-17.23,-11.98,28.35,-8.44,-0.12,0.09,27.83,65.69,260.27,0.44,0.62,0.42,0.68,0.27,0.17,0.12,0.35,0.06,0.01
438,3.64,-20.10,-12.76,27.60,-8.97,0.33,0.08,25.15,426.03,22.96,0.49,0.50,0.40,0.65,0.25,0.20,0.11,0.31,0.37,0.00
439,7.89,-12.97,-6.60,17.81,-10.39,1.43,0.09,41.29,503.24,4.08,0.65,0.78,0.57,0.27,0.19,0.27,0.12,0.52,0.43,0.00
440,3.58,-14.36,-10.25,17.76,2.36,8.67,0.08,17.59,293.52,39.61,0.48,0.73,0.47,0.27,0.74,0.77,0.11,0.22,0.25,0.00
441,8.22,-20.91,-12.80,32.91,-8.85,-1.16,0.12,36.60,6.97,245.97,0.66,0.47,0.39,0.86,0.26,0.10,0.16,0.46,0.01,0.01
442,1.93,-17.93,-12.27,22.75,-6.51,1.15,0.06,16.74,0.00,66.41,0.42,0.59,0.41,0.46,0.36,0.26,0.07,0.20,0.00,0.00
443,2.19,-16.21,-10.69,27.01,-8.93,-0.03,0.07,24.37,227.76,26.39,0.43,0.66,0.45,0.63,0.25,0.17,0.09,0.30,0.20,0.00
444,3.76,-28.33,-18.34,25.90,-10.72,-1.88,0.06,22.87,328.34,23.52,0.49,0.18,0.24,0.59,0.18,0.05,0.07,0.28,0.28,0.00
445,5.72,-22.75,-14.01,23.87,-12.19,-1.27,0.01,8.74,272.25,23.82,0.57,0.40,0.36,0.51,0.11,0.09,0.01,0.10,0.23,0.00
1000,2.46,-18.92,-11.85,18.42,0.87,7.38,0.12,49.40,126.84,85.20,0.44,0.55,0.42,0.29,0.68,0.68,0.17,0.63,0.11,0.00
1001,2.07,-18.28,-11.43,18.99,1.47,7.75,0.22,66.74,1.88,969.90,0.42,0.57,0.43,0.32,0.70,0.71,0.30,0.85,0.00,0.02
1002,2.18,-18.96,-12.10,18.93,1.37,7.88,0.20,62.20,2.94,677.29,0.43,0.55,0.41,0.31,0.70,0.72,0.28,0.79,0.00,0.02
1003,2.26,-20.86,-14.04,18.39,2.59,9.24,0.24,62.84,0.17,6421.19,0.43,0.47,0.36,0.29,0.75,0.81,0.33,0.80,0.00,0.15
1004,2.63,-21.86,-15.25,17.72,2.75,9.18,0.10,50.08,16.41,3.09,0.45,0.43,0.32,0.27,0.76,0.81,0.14,0.64,0.01,0.00
1005,2.96,-22.40,-15.63,17.61,2.60,9.08,0.09,43.64,16.41,45.20,0.46,0.41,0.31,0.26,0.75,0.80,0.12,0.55,0.01,0.00
1006,4.11,-19.52,-14.35,19.00,3.99,10.25,0.12,36.07,325.44,64.18,0.50,0.52,0.35,0.32,0.81,0.88,0.16,0.45,0.28,0.00
1007,4.03,-20.30,-14.96,18.85,4.24,10.37,0.12,37.58,621.42,79.47,0.50,0.49,0.33,0.31,0.82,0.89,0.16,0.47,0.53,0.00
1008,4.00,-20.99,-15.55,18.94,4.21,10.36,0.11,37.30,599.33,4.57,0.50,0.47,0.32,0.32,0.82,0.89,0.15,0.47,0.51,0.00
1009,4.12,-20.10,-14.91,19.09,4.40,10.64,0.14,36.64,309.73,65.94,0.50,0.50,0.33,0.32,0.83,0.91,0.20,0.46,0.27,0.00
1010,2.74,-24.21,-18.08,19.53,4.25,10.88,0.12,36.82,212.54,52.04,0.45,0.34,0.24,0.34,0.82,0.92,0.16,0.46,0.18,0.00
1011,2.71,-23.61,-17.71,19.72,4.38,11.08,0.11,37.93,425.08,22.94,0.45,0.36,0.25,0.35,0.83,0.94,0.15,0.48,0.36,0.00
1012,3.00,-22.10,-16.68,19.64,4.71,11.65,0.11,40.39,405.94,6.06,0.46,0.42,0.28,0.34,0.84,0.98,0.16,0.51,0.35,0.00
1013,2.34,-23.27,-17.54,19.68,4.71,11.56,0.12,39.13,59.39,214.49,0.44,0.38,0.26,0.34,0.84,0.97,0.17,0.49,0.05,0.00
1014,3.06,-21.72,-16.49,19.58,5.08,11.97,0.16,40.71,132.78,105.56,0.46,0.44,0.29,0.34,0.86,1.00,0.22,0.52,0.11,0.00
1015,1.68,-23.63,-17.94,19.61,4.76,11.65,0.13,44.80,191.43,45.84,0.41,0.36,0.25,0.34,0.85,0.98,0.17,0.57,0.16,0.00
1016,1.59,-23.95,-18.18,19.72,5.34,12.01,0.11,45.30,171.80,62.90,0.41,0.35,0.24,0.35,0.87,1.00,0.16,0.57,0.15,0.00
1017,4.86,-22.58,-15.57,17.66,2.15,8.73,0.36,69.69,0.13,6685.53,0.53,0.40,0.32,0.27,0.73,0.77,0.50,0.89,0.00,0.15
1018,5.61,-22.73,-15.83,17.85,2.30,8.99,0.36,69.69,0.11,8553.87,0.56,0.40,0.31,0.27,0.74,0.79,0.50,0.89,0.00,0.20
1019,5.10,-23.45,-16.77,18.26,2.71,9.62,0.17,56.32,0.75,909.99,0.54,0.37,0.28,0.29,0.76,0.84,0.24,0.72,0.00,0.02
1020,4.10,-24.67,-18.03,19.21,3.25,10.26,0.08,36.24,16.41,5.34,0.50,0.32,0.25,0.33,0.78,0.88,0.11,0.46,0.01,0.00
1021,4.07,-24.66,-18.09,19.08,3.62,10.63,0.08,36.24,16.41,19.78,0.50,0.32,0.24,0.32,0.80,0.91,0.11,0.46,0.01,0.00
1022,5.26,-23.34,-16.64,18.36,2.45,9.46,0.17,51.65,1.82,337.74,0.55,0.37,0.28,0.29,0.75,0.83,0.23,0.66,0.00,0.01
1023,3.92,-24.57,-18.18,18.97,2.85,10.16,0.09,38.71,16.41,38.86,0.50,0.32,0.24,0.32,0.76,0.87,0.12,0.49,0.01,0.00
1024,4.30,-23.16,-16.75,18.61,2.22,9.61,0.13,43.75,0.97,653.74,0.51,0.38,0.28,0.30,0.74,0.84,0.18,0.55,0.00,0.02
1025,5.79,-21.36,-14.09,17.80,1.64,8.23,0.53,70.77,0.05,17144.66,0.57,0.45,0.36,0.27,0.71,0.74,0.74,0.90,0.00,0.40
1026,3.17,-22.42,-16.29,18.74,2.32,9.73,0.12,39.50,5.47,105.30,0.47,0.41,0.30,0.31,0.74,0.84,0.16,0.50,0.00,0.00
1027,2.03,-23.07,-17.04,18.88,2.53,9.98,0.14,44.60,16.41,30.53,0.42,0.38,0.27,0.31,0.75,0.86,0.19,0.57,0.01,0.00
1028,2.41,-22.62,-16.55,18.84,2.43,9.90,0.14,45.33,16.41,25.85,0.44,0.40,0.29,0.31,0.74,0.85,0.19,0.57,0.01,0.00
1029,-0.75,-25.59,-19.09,19.04,3.64,10.92,0.16,52.27,25.65,7.75,0.31,0.28,0.21,0.32,0.80,0.92,0.22,0.66,0.02,0.00
1030,-0.75,-25.59,-19.09,19.04,3.64,10.92,0.14,45.52,25.65,5.09,0.31,0.28,0.21,0.32,0.80,0.92,0.19,0.58,0.02,0.00
1031,-1.27,-25.87,-19.13,18.77,3.79,10.96,0.11,42.04,12.83,18.60,0.29,0.27,0.21,0.31,0.80,0.93,0.15,0.53,0.01,0.00
1032,1.73,-21.76,-15.47,18.31,2.77,9.79,0.09,32.15,25.65,4.10,0.41,0.44,0.32,0.29,0.76,0.85,0.12,0.40,0.02,0.00
1033,1.66,-21.69,-15.22,18.61,2.67,9.87,0.08,33.44,25.65,15.54,0.41,0.44,0.33,0.30,0.76,0.85,0.11,0.42,0.02,0.00
1034,4.74,-18.86,-12.17,17.83,1.59,8.35,0.42,68.87,0.13,9954.26,0.53,0.55,0.41,0.27,0.71,0.75,0.58,0.88,0.00,0.23
1035,3.75,-19.73,-13.06,17.91,1.65,8.71,0.12,42.09,6.41,111.46,0.49,0.52,0.39,0.27,0.71,0.77,0.17,0.53,0.01,0.00
1036,0.46,-23.07,-16.36,18.40,3.39,10.26,0.15,46.34,4.28,367.83,0.36,0.38,0.29,0.29,0.79,0.88,0.20,0.59,0.00,0.01
1037,3.43,-19.39,-12.53,18.22,2.22,9.11,0.11,48.89,25.65,9.30,0.48,0.53,0.40,0.29,0.74,0.80,0.16,0.62,0.02,0.00
1038,1.80,-21.00,-14.31,18.07,2.92,9.81,0.09,36.11,25.65,8.17,0.41,0.47,0.35,0.28,0.77,0.85,0.12,0.46,0.02,0.00
1039,3.22,-18.77,-11.98,17.98,2.47,9.25,0.10,47.41,25.65,31.59,0.47,0.55,0.42,0.28,0.75,0.81,0.14,0.60,0.02,0.00
1040,1.29,-20.91,-14.21,18.01,3.87,10.08,0.10,38.71,25.65,81.79,0.39,0.47,0.35,0.28,0.81,0.87,0.14,0.49,0.02,0.00
1041,0.95,-20.94,-14.30,17.89,3.74,10.19,0.09,38.64,25.65,22.99,0.38,0.47,0.35,0.27,0.80,0.87,0.12,0.49,0.02,0.00
1042,4.39,-16.72,-9.63,17.72,2.52,8.53,0.12,42.03,6.41,156.64,0.52,0.64,0.49,0.27,0.75,0.76,0.16,0.53,0.01,0.00
1043,5.29,-15.38,-8.48,17.33,3.28,8.59,0.44,62.10,0.09,9438.12,0.55,0.69,0.52,0.25,0.78,0.76,0.62,0.79,0.00,0.22
1044,3.22,-17.70,-11.42,17.81,4.00,9.38,0.19,50.31,1.71,664.78,0.47,0.60,0.43,0.27,0.81,0.82,0.27,0.64,0.00,0.02
1045,4.20,-16.52,-10.45,17.59,3.95,9.15,0.14,38.48,12.83,84.28,0.51,0.64,0.46,0.26,0.81,0.80,0.19,0.49,0.01,0.00
1046,4.85,-16.07,-10.00,17.43,3.69,8.96,0.13,39.08,3.21,358.85,0.53,0.66,0.47,0.26,0.80,0.79,0.18,0.49,0.00,0.01
1047,5.79,-15.23,-9.69,16.36,4.58,9.22,0.10,30.82,12.83,58.11,0.57,0.69,0.48,0.21,0.84,0.81,0.14,0.39,0.01,0.00
1048,6.14,-15.27,-9.84,16.10,4.89,9.32,0.11,40.46,4.82,183.52,0.58,0.69,0.48,0.20,0.85,0.81,0.15,0.51,0.00,0.00
1049,6.34,-14.92,-9.50,15.97,4.59,9.10,0.08,36.15,28.95,16.02,0.59,0.71,0.49,0.20,0.84,0.80,0.11,0.46,0.02,0.00
1050,6.33,-15.52,-10.14,15.75,5.38,9.52,0.13,45.42,1.81,385.02,0.59,0.68,0.47,0.19,0.87,0.83,0.18,0.58,0.00,0.01
1051,6.77,-14.72,-9.41,16.10,4.73,9.16,0.13,46.46,28.95,18.13,0.61,0.71,0.49,0.20,0.84,0.80,0.17,0.59,0.02,0.00
1052,6.79,-15.40,-10.01,15.64,4.88,9.17,0.13,45.42,28.95,27.73,0.61,0.69,0.47,0.19,0.85,0.81,0.18,0.58,0.02,0.00
1053,6.85,-14.93,-9.60,15.82,4.81,9.14,0.12,39.47,14.47,70.81,0.61,0.71,0.49,0.19,0.85,0.80,0.17,0.50,0.01,0.00
1054,6.66,-14.62,-9.24,16.01,4.71,9.10,0.12,52.29,28.95,18.37,0.60,0.72,0.50,0.20,0.84,0.80,0.17,0.67,0.02,0.00
1055,7.34,-15.16,-9.83,15.83,5.18,9.33,0.13,41.25,14.47,20.83,0.63,0.70,0.48,0.19,0.86,0.82,0.18,0.52,0.01,0.00
1056,7.32,-14.99,-9.70,15.64,4.92,9.15,0.16,55.35,14.47,22.45,0.63,0.70,0.48,0.19,0.85,0.80,0.21,0.71,0.01,0.00
1057,7.00,-15.23,-9.91,15.46,5.33,9.33,0.11,38.62,14.47,69.28,0.62,0.69,0.48,0.18,0.87,0.82,0.15,0.49,0.01,0.00
1058,7.19,-15.25,-9.90,15.42,5.54,9.44,0.11,38.62,28.95,26.82,0.62,0.69,0.48,0.18,0.88,0.82,0.15,0.49,0.02,0.00
1059,7.19,-14.77,-9.54,15.55,4.87,9.07,0.19,51.00,7.24,106.78,0.62,0.71,0.49,0.18,0.85,0.80,0.26,0.65,0.01,0.00
1060,7.13,-15.00,-9.73,15.32,6.02,9.66,0.10,30.89,28.95,58.88,0.62,0.70,0.48,0.17,0.90,0.84,0.13,0.39,0.02,0.00
1061,7.31,-14.95,-9.70,15.56,5.02,9.16,0.14,48.77,14.47,30.24,0.63,0.71,0.48,0.18,0.86,0.80,0.19,0.62,0.01,0.00
1062,7.37,-14.93,-9.68,15.35,5.95,9.65,0.13,49.37,28.95,41.75,0.63,0.71,0.48,0.18,0.90,0.84,0.18,0.63,0.02,0.00
1063,7.27,-14.80,-9.59,15.44,5.85,9.61,0.12,38.62,14.47,79.62,0.63,0.71,0.49,0.18,0.89,0.84,0.16,0.49,0.01,0.00
1064,7.18,-14.91,-9.75,15.51,5.11,9.19,0.13,44.24,14.47,48.58,0.62,0.71,0.48,0.18,0.86,0.81,0.17,0.56,0.01,0.00
1065,6.38,-15.66,-10.06,15.84,4.52,8.86,0.20,50.23,0.45,491.07,0.59,0.68,0.47,0.19,0.84,0.78,0.28,0.64,0.00,0.01
1066,7.12,-14.51,-9.35,15.13,5.68,9.39,0.10,24.29,14.47,81.39,0.62,0.72,0.49,0.17,0.89,0.82,0.13,0.30,0.01,0.00
1067,6.78,-15.01,-9.96,15.48,5.08,9.18,0.10,32.24,28.95,48.49,0.61,0.70,0.48,0.18,0.86,0.81,0.13,0.41,0.02,0.00
1068,6.68,-14.97,-9.94,15.44,4.97,9.06,0.11,37.53,28.95,21.68,0.60,0.70,0.48,0.18,0.85,0.80,0.15,0.47,0.02,0.00
1069,6.22,-15.91,-10.53,15.66,4.79,8.98,0.08,35.58,28.95,39.19,0.59,0.67,0.46,0.19,0.85,0.79,0.11,0.45,0.02,0.00
1070,5.62,-16.30,-11.19,15.51,5.68,9.49,0.10,28.88,14.47,25.77,0.56,0.65,0.44,0.18,0.89,0.83,0.13,0.36,0.01,0.00
1071,4.99,-17.28,-12.06,15.66,5.48,9.42,0.09,30.70,7.24,51.99,0.54,0.61,0.42,0.19,0.88,0.82,0.12,0.39,0.01,0.00
1072,5.68,-17.32,-11.71,15.74,5.34,9.36,0.21,51.52,0.37,544.63,0.57,0.61,0.43,0.19,0.87,0.82,0.30,0.66,0.00,0.01
1073,5.52,-16.39,-11.21,15.38,5.61,9.42,0.09,26.91,4.14,232.31,0.56,0.65,0.44,0.18,0.88,0.82,0.12,0.34,0.00,0.01
1074,5.73,-15.84,-10.70,15.44,5.56,9.38,0.12,37.88,9.65,75.72,0.57,0.67,0.45,0.18,0.88,0.82,0.16,0.48,0.01,0.00
1075,5.94,-15.32,-10.26,15.43,5.56,9.39,0.11,39.02,28.95,35.25,0.58,0.69,0.47,0.18,0.88,0.82,0.15,0.49,0.02,0.00
1076,4.99,-17.47,-12.20,15.61,5.40,9.34,0.09,29.97,14.47,46.05,0.54,0.61,0.41,0.19,0.87,0.82,0.12,0.38,0.01,0.00
1077,4.96,-17.96,-12.51,15.85,5.35,9.42,0.10,33.31,24.25,18.10,0.54,0.59,0.40,0.19,0.87,0.82,0.14,0.42,0.02,0.00
1078,4.94,-18.20,-12.64,15.96,5.33,9.40,0.17,48.98,12.12,40.57,0.54,0.58,0.40,0.20,0.87,0.82,0.23,0.62,0.01,0.00
1079,5.31,-16.02,-10.96,15.46,5.52,9.37,0.10,32.79,23.65,8.55,0.55,0.66,0.45,0.18,0.88,0.82,0.14,0.41,0.02,0.00
1080,4.94,-17.24,-11.95,15.71,5.66,9.51,0.14,44.37,12.12,50.51,0.54,0.61,0.42,0.19,0.88,0.83,0.19,0.56,0.01,0.00
1081,4.93,-17.15,-11.87,15.58,5.69,9.51,0.13,39.74,12.12,55.87,0.54,0.62,0.42,0.18,0.89,0.83,0.18,0.50,0.01,0.00
1082,4.82,-17.27,-11.94,15.80,5.50,9.43,0.27,52.60,0.45,1968.64,0.53,0.61,0.42,0.19,0.88,0.82,0.38,0.67,0.00,0.05
1083,5.00,-16.38,-11.31,15.48,5.30,9.19,0.13,41.76,23.65,14.09,0.54,0.65,0.44,0.18,0.87,0.81,0.18,0.53,0.02,0.00
1084,5.16,-16.19,-11.12,15.64,5.34,9.30,0.12,36.85,23.65,18.11,0.55,0.66,0.44,0.19,0.87,0.81,0.17,0.47,0.02,0.00
1085,4.84,-16.41,-11.44,15.71,5.20,9.20,0.13,37.15,1.77,331.43,0.53,0.65,0.43,0.19,0.86,0.81,0.17,0.47,0.00,0.01
1086,5.06,-16.04,-11.15,15.62,4.74,8.91,0.12,38.60,24.75,19.20,0.54,0.66,0.44,0.19,0.84,0.79,0.16,0.49,0.02,0.00
1087,4.78,-16.24,-11.38,15.48,4.54,8.70,0.12,42.48,24.75,25.36,0.53,0.65,0.44,0.18,0.84,0.77,0.16,0.54,0.02,0.00
1088,4.48,-16.22,-11.43,15.73,4.79,8.94,0.13,47.22,2.06,380.80,0.52,0.66,0.43,0.19,0.85,0.79,0.19,0.60,0.00,0.01
1089,4.22,-16.20,-11.62,15.75,4.14,8.55,0.14,36.83,2.25,399.13,0.51,0.66,0.43,0.19,0.82,0.76,0.19,0.46,0.00,0.01
1090,4.50,-16.19,-11.55,15.47,4.71,8.80,0.10,38.29,12.37,29.06,0.52,0.66,0.43,0.18,0.84,0.78,0.13,0.48,0.01,0.00
1091,4.62,-16.17,-11.49,15.67,4.57,8.75,0.09,38.81,24.75,14.07,0.52,0.66,0.43,0.19,0.84,0.78,0.13,0.49,0.02,0.00
1092,5.07,-15.66,-10.96,15.60,4.19,8.49,0.10,43.14,24.75,12.91,0.54,0.68,0.45,0.19,0.82,0.76,0.13,0.55,0.02,0.00
1093,4.70,-16.06,-11.42,15.34,4.16,8.40,0.10,36.92,24.75,65.21,0.53,0.66,0.43,0.17,0.82,0.75,0.13,0.47,0.02,0.00
1094,4.33,-16.32,-11.76,15.64,3.83,8.30,0.12,36.43,1.46,687.39,0.51,0.65,0.42,0.19,0.81,0.75,0.16,0.46,0.00,0.02
1095,4.77,-15.85,-11.31,15.58,3.97,8.35,0.13,34.82,1.65,287.53,0.53,0.67,0.44,0.18,0.81,0.75,0.18,0.44,0.00,0.01
1096,5.38,-15.39,-10.66,15.28,4.45,8.56,0.10,31.92,24.75,4.30,0.55,0.69,0.46,0.17,0.83,0.76,0.13,0.40,0.02,0.00
1097,5.71,-14.72,-10.15,15.42,4.22,8.43,0.10,40.91,24.75,13.07,0.57,0.71,0.47,0.18,0.82,0.75,0.14,0.52,0.02,0.00
1098,6.21,-13.82,-9.37,15.50,3.66,8.22,0.10,29.81,12.37,86.11,0.59,0.75,0.49,0.18,0.80,0.74,0.14,0.37,0.01,0.00
1099,6.48,-13.63,-9.14,15.46,3.92,8.29,0.10,37.73,12.37,73.04,0.60,0.76,0.50,0.18,0.81,0.74,0.14,0.48,0.01,0.00
1100,6.90,-13.10,-8.62,15.46,3.80,8.17,0.11,32.63,2.47,279.81,0.61,0.78,0.51,0.18,0.80,0.74,0.16,0.41,0.00,0.01
1101,5.96,-14.48,-9.83,15.26,4.06,8.31,0.10,30.59,24.75,10.92,0.58,0.72,0.48,0.17,0.82,0.75,0.14,0.38,0.02,0.00
1102,5.53,-15.50,-10.55,15.54,4.91,8.99,0.13,38.28,23.65,14.04,0.56,0.68,0.46,0.18,0.85,0.79,0.18,0.48,0.02,0.00
1103,6.07,-14.54,-9.70,15.46,5.42,9.33,0.09,33.85,22.08,15.25,0.58,0.72,0.48,0.18,0.87,0.82,0.12,0.43,0.02,0.00
1104,6.60,-13.54,-8.88,15.42,4.84,8.90,0.11,32.81,11.55,24.18,0.60,0.76,0.51,0.18,0.85,0.79,0.14,0.41,0.01,0.00
1105,6.21,-14.51,-9.59,15.50,5.67,9.47,0.10,37.92,11.04,36.47,0.59,0.72,0.49,0.18,0.88,0.83,0.13,0.48,0.01,0.00
1106,6.83,-13.42,-8.68,15.54,4.91,9.02,0.10,30.68,23.10,24.49,0.61,0.77,0.51,0.18,0.85,0.79,0.14,0.39,0.02,0.00
1107,6.77,-13.43,-8.68,15.77,4.66,8.85,0.09,33.71,23.10,13.99,0.61,0.77,0.51,0.19,0.84,0.78,0.13,0.42,0.02,0.00
1108,6.33,-14.46,-9.52,15.58,5.54,9.40,0.11,34.86,7.36,93.33,0.59,0.72,0.49,0.18,0.88,0.82,0.15,0.44,0.01,0.00
1109,6.67,-13.84,-8.94,15.54,5.42,9.29,0.11,32.63,4.42,116.73,0.60,0.75,0.50,0.18,0.87,0.81,0.14,0.41,0.00,0.00
1110,7.07,-13.16,-8.34,15.49,5.02,9.04,0.13,39.77,2.31,399.51,0.62,0.78,0.52,0.18,0.86,0.80,0.17,0.50,0.00,0.01
1111,7.55,-12.39,-7.61,15.24,4.82,8.83,0.16,36.79,1.00,678.00,0.64,0.81,0.54,0.17,0.85,0.78,0.22,0.46,0.00,0.02
1112,8.49,-10.80,-6.35,15.29,4.03,8.23,0.10,32.84,3.85,104.96,0.68,0.87,0.58,0.17,0.81,0.74,0.14,0.41,0.00,0.00
1113,8.42,-10.48,-6.18,15.28,3.12,7.64,0.16,43.69,0.56,1035.17,0.67,0.88,0.58,0.17,0.77,0.70,0.21,0.55,0.00,0.02
1114,8.34,-10.49,-6.09,15.16,3.59,7.88,0.10,28.49,7.70,58.09,0.67,0.88,0.59,0.17,0.79,0.72,0.13,0.36,0.01,0.00
1115,8.44,-10.21,-5.89,15.01,3.08,7.46,0.09,27.10,11.55,32.23,0.67,0.89,0.59,0.16,0.77,0.69,0.13,0.34,0.01,0.00
1116,7.14,-11.60,-7.16,15.31,3.53,7.81,0.08,20.10,2.89,186.34,0.62,0.84,0.56,0.17,0.79,0.71,0.10,0.25,0.00,0.00
1117,6.74,-12.49,-7.86,14.94,4.36,8.32,0.10,30.09,23.10,31.86,0.61,0.80,0.54,0.16,0.83,0.75,0.13,0.38,0.02,0.00
1118,5.32,-14.34,-9.51,15.36,4.37,8.37,0.12,41.97,2.10,205.02,0.55,0.73,0.49,0.18,0.83,0.75,0.16,0.53,0.00,0.00
1119,6.10,-14.22,-9.21,15.18,4.74,8.69,0.08,27.04,11.55,64.76,0.58,0.73,0.50,0.17,0.84,0.77,0.11,0.34,0.01,0.00
1120,6.20,-14.35,-9.28,15.29,4.95,8.90,0.09,36.28,23.10,40.25,0.59,0.73,0.50,0.17,0.85,0.79,0.12,0.46,0.02,0.00
1121,6.30,-14.85,-9.64,15.55,5.40,9.33,0.08,28.01,11.04,65.72,0.59,0.71,0.48,0.18,0.87,0.82,0.10,0.35,0.01,0.00
1122,5.31,-14.77,-9.77,15.27,4.38,8.40,0.12,41.97,11.55,16.15,0.55,0.71,0.48,0.17,0.83,0.75,0.16,0.53,0.01,0.00
1123,6.32,-15.11,-9.85,15.46,5.15,9.20,0.09,38.64,22.08,47.31,0.59,0.70,0.48,0.18,0.86,0.81,0.12,0.49,0.02,0.00
1124,5.71,-15.14,-10.00,15.52,5.17,9.16,0.08,33.10,22.08,22.88,0.57,0.70,0.47,0.18,0.86,0.80,0.10,0.42,0.02,0.00
1125,4.91,-15.68,-10.54,15.22,4.57,8.54,0.11,38.74,3.30,349.97,0.54,0.68,0.46,0.17,0.84,0.76,0.15,0.49,0.00,0.01
1126,5.22,-15.56,-10.42,15.38,4.96,8.98,0.08,34.19,22.08,6.80,0.55,0.68,0.46,0.18,0.85,0.79,0.11,0.43,0.02,0.00
1127,4.42,-16.53,-11.37,15.26,4.73,8.69,0.10,32.60,23.10,17.35,0.52,0.64,0.44,0.17,0.84,0.77,0.13,0.41,0.02,0.00
1128,4.20,-17.30,-12.06,15.42,4.71,8.72,0.08,23.93,11.55,32.53,0.51,0.61,0.42,0.18,0.84,0.77,0.10,0.30,0.01,0.00
1129,5.42,-15.93,-10.60,15.57,4.90,9.12,0.10,35.32,28.95,4.22,0.56,0.67,0.46,0.18,0.85,0.80,0.13,0.45,0.02,0.00
1130,5.17,-16.21,-10.84,16.31,5.60,9.84,0.10,34.07,25.65,4.95,0.55,0.66,0.45,0.21,0.88,0.85,0.14,0.43,0.02,0.00
1131,3.07,-19.29,-14.02,15.77,4.98,9.08,0.09,23.46,1.95,446.78,0.46,0.53,0.36,0.19,0.85,0.80,0.12,0.29,0.00,0.01
1132,3.58,-17.89,-12.62,16.19,5.01,9.29,0.10,31.63,20.51,4.93,0.48,0.59,0.40,0.21,0.86,0.81,0.13,0.40,0.02,0.00
1133,4.06,-17.44,-12.01,15.90,5.24,9.54,0.10,33.29,12.83,110.82,0.50,0.61,0.42,0.20,0.87,0.83,0.14,0.42,0.01,0.00
1134,2.81,-18.52,-13.27,16.02,5.09,9.35,0.11,30.52,3.42,221.48,0.45,0.56,0.38,0.20,0.86,0.82,0.15,0.38,0.00,0.01
1135,4.86,-16.05,-10.54,16.42,4.95,9.57,0.12,41.48,3.21,182.55,0.53,0.66,0.46,0.22,0.85,0.83,0.17,0.53,0.00,0.00
1136,3.88,-17.44,-11.94,16.39,5.76,10.05,0.11,38.58,12.83,25.70,0.50,0.61,0.42,0.22,0.89,0.87,0.15,0.49,0.01,0.00
1137,3.29,-18.07,-12.53,16.41,5.53,10.00,0.12,39.95,25.65,46.05,0.47,0.58,0.40,0.22,0.88,0.86,0.17,0.51,0.02,0.00
1138,3.51,-17.22,-11.57,16.93,4.43,9.44,0.17,56.72,25.65,27.72,0.48,0.62,0.43,0.24,0.83,0.82,0.23,0.72,0.02,0.00
1139,3.06,-17.70,-12.03,16.82,4.47,9.45,0.17,58.89,25.65,7.78,0.46,0.60,0.42,0.23,0.83,0.82,0.23,0.75,0.02,0.00
1140,2.71,-18.10,-12.43,16.89,4.55,9.65,0.14,57.01,25.65,14.49,0.45,0.58,0.41,0.24,0.84,0.84,0.20,0.73,0.02,0.00
1141,2.32,-18.93,-13.38,16.65,5.45,10.09,0.12,26.16,25.65,28.29,0.43,0.55,0.38,0.23,0.88,0.87,0.16,0.33,0.02,0.00
1142,1.34,-19.80,-14.09,17.00,5.30,10.21,0.15,56.43,12.83,57.87,0.40,0.51,0.36,0.24,0.87,0.88,0.20,0.72,0.01,0.00
1143,-0.27,-21.93,-15.69,17.57,4.72,10.32,0.15,61.64,25.65,22.41,0.33,0.43,0.31,0.26,0.84,0.88,0.21,0.79,0.02,0.00
1144,-0.68,-22.37,-16.15,17.52,4.66,10.24,0.15,61.64,8.55,95.25,0.32,0.41,0.30,0.26,0.84,0.88,0.21,0.79,0.01,0.00
1145,-1.26,-22.93,-16.77,17.33,4.60,10.19,0.15,56.82,20.51,27.44,0.29,0.39,0.28,0.25,0.84,0.88,0.20,0.72,0.02,0.00
1146,-2.17,-23.97,-17.78,17.62,4.40,10.23,0.14,55.74,10.25,35.92,0.26,0.35,0.25,0.26,0.83,0.88,0.19,0.71,0.01,0.00
1147,-1.93,-24.28,-17.76,17.68,4.00,10.46,0.15,60.20,25.65,9.45,0.27,0.34,0.25,0.27,0.81,0.89,0.20,0.77,0.02,0.00
1148,-3.39,-25.98,-19.56,17.85,4.06,10.27,0.12,46.27,20.51,6.89,0.21,0.27,0.20,0.27,0.82,0.88,0.17,0.59,0.02,0.00
1149,-2.48,-22.92,-17.57,16.73,4.10,9.23,0.09,25.05,10.73,114.38,0.25,0.39,0.26,0.23,0.82,0.81,0.13,0.31,0.01,0.00
1150,-5.11,-26.66,-20.80,17.19,4.13,9.36,0.11,36.25,21.46,7.97,0.14,0.24,0.17,0.25,0.82,0.82,0.15,0.46,0.02,0.00
1151,-6.95,-28.75,-22.98,16.95,3.74,8.82,0.18,63.69,0.67,1403.10,0.07,0.16,0.10,0.24,0.80,0.78,0.25,0.81,0.00,0.03
1152,-8.81,-32.77,-26.62,17.75,4.03,9.84,0.23,70.41,1.79,479.56,0.00,0.00,0.00,0.27,0.81,0.85,0.31,0.90,0.00,0.01
1153,-8.20,-32.46,-26.35,17.98,4.25,10.28,0.33,70.41,0.61,1524.31,0.02,0.01,0.01,0.28,0.82,0.88,0.46,0.90,0.00,0.04
1154,-7.12,-29.28,-23.78,17.34,3.47,9.34,0.11,35.22,21.46,11.98,0.07,0.14,0.08,0.25,0.79,0.82,0.15,0.44,0.02,0.00
1155,-3.71,-23.21,-18.54,17.12,3.58,8.96,0.08,29.94,17.41,12.54,0.20,0.38,0.23,0.24,0.79,0.79,0.11,0.38,0.01,0.00
1156,-2.11,-20.41,-16.09,18.11,3.54,9.30,0.09,34.71,17.41,11.42,0.26,0.49,0.30,0.28,0.79,0.81,0.12,0.44,0.01,0.00
1157,-1.66,-18.97,-14.81,18.16,3.92,9.71,0.12,41.46,5.46,133.93,0.28,0.55,0.34,0.28,0.81,0.84,0.17,0.52,0.00,0.00
1158,-1.24,-16.80,-12.88,18.90,4.12,10.40,0.07,25.07,14.57,56.25,0.30,0.63,0.39,0.31,0.82,0.89,0.09,0.31,0.01,0.00
1159,-0.75,-15.41,-11.35,18.77,2.12,9.35,0.08,29.15,51.13,5.71,0.31,0.69,0.44,0.31,0.73,0.82,0.11,0.37,0.04,0.00
1160,-0.19,-14.58,-10.47,18.33,0.98,8.83,0.08,27.22,6.39,266.12,0.34,0.72,0.46,0.29,0.68,0.78,0.10,0.34,0.01,0.01
1161,0.31,-13.82,-9.80,17.68,0.18,8.29,0.10,41.56,22.20,19.14,0.36,0.75,0.48,0.27,0.65,0.74,0.13,0.53,0.02,0.00
1162,0.62,-13.64,-9.83,17.75,0.01,8.19,0.12,44.74,8.88,58.60,0.37,0.76,0.48,0.27,0.64,0.74,0.16,0.57,0.01,0.00
1163,0.74,-13.60,-9.85,17.92,0.39,8.48,0.10,33.65,22.20,49.24,0.37,0.76,0.48,0.28,0.66,0.76,0.13,0.42,0.02,0.00
1164,1.32,-13.61,-9.52,18.06,0.52,8.65,0.09,37.34,367.38,24.41,0.40,0.76,0.49,0.28,0.66,0.77,0.12,0.47,0.32,0.00
1165,1.49,-13.65,-9.45,18.10,1.02,8.97,0.12,46.42,386.24,4.03,0.40,0.76,0.49,0.28,0.68,0.79,0.16,0.59,0.33,0.00
2000,1.66,-13.80,-9.41,18.42,0.41,8.48,0.16,52.95,48.28,162.38,0.41,0.75,0.49,0.29,0.66,0.76,0.22,0.67,0.04,0.00
2001,1.46,-13.88,-9.50,17.88,0.14,8.24,0.14,47.78,63.16,71.62,0.40,0.75,0.49,0.27,0.65,0.74,0.19,0.61,0.05,0.00
2002,0.83,-14.25,-10.22,17.53,-0.99,7.57,0.09,45.79,51.13,3.61,0.38,0.73,0.47,0.26,0.60,0.70,0.13,0.58,0.04,0.00
2003,-0.47,-18.37,-13.33,16.06,-2.58,5.89,0.12,53.34,4.65,188.43,0.33,0.57,0.38,0.20,0.53,0.58,0.17,0.68,0.00,0.00
2004,-0.93,-19.01,-13.98,15.94,-3.21,5.43,0.06,26.95,51.13,8.66,0.31,0.54,0.36,0.20,0.50,0.55,0.07,0.34,0.04,0.00
2005,-1.20,-19.16,-14.23,15.44,-4.57,4.62,0.07,36.66,51.13,2.03,0.30,0.54,0.35,0.18,0.44,0.49,0.09,0.46,0.04,0.00
2006,-1.87,-19.88,-14.91,15.69,-4.15,4.88,0.06,30.62,7.98,182.46,0.27,0.51,0.33,0.19,0.46,0.51,0.08,0.38,0.01,0.00
2007,-2.32,-20.46,-15.49,15.49,-4.13,5.00,0.07,39.03,55.85,2.06,0.25,0.49,0.32,0.18,0.46,0.52,0.09,0.49,0.05,0.00
2008,-3.05,-21.48,-16.33,15.40,-4.88,4.55,0.07,44.93,55.85,5.85,0.22,0.45,0.29,0.18,0.43,0.49,0.10,0.57,0.05,0.00
2009,-2.49,-20.46,-15.44,15.57,-4.17,4.92,0.11,54.83,5.59,203.71,0.25,0.49,0.32,0.18,0.46,0.51,0.15,0.70,0.00,0.00
2010,-2.01,-19.37,-14.55,15.45,-3.72,5.20,0.08,42.23,55.85,2.14,0.27,0.53,0.34,0.18,0.48,0.53,0.11,0.53,0.05,0.00
2011,-1.51,-18.69,-13.90,15.56,-4.47,4.77,0.09,42.27,27.93,43.12,0.28,0.56,0.36,0.18,0.45,0.50,0.12,0.54,0.02,0.00
2012,-0.83,-17.36,-12.70,15.42,-3.99,5.11,0.11,47.13,55.85,2.80,0.31,0.61,0.40,0.18,0.47,0.53,0.15,0.60,0.05,0.00
2013,-0.74,-17.14,-12.51,15.36,-3.95,5.09,0.11,47.33,55.85,1.42,0.31,0.62,0.40,0.18,0.47,0.53,0.14,0.60,0.05,0.00
2014,0.59,-16.10,-11.20,15.69,-3.19,5.27,0.12,49.18,2.43,173.55,0.37,0.66,0.44,0.19,0.50,0.54,0.16,0.62,0.00,0.00
2015,0.86,-15.36,-10.55,15.31,-3.57,5.03,0.11,41.35,55.85,3.49,0.38,0.69,0.46,0.17,0.49,0.52,0.14,0.52,0.05,0.00
2016,1.32,-14.70,-9.94,15.39,-3.13,5.13,0.14,48.08,30.29,23.29,0.40,0.72,0.48,0.18,0.50,0.53,0.20,0.61,0.03,0.00
2017,1.59,-14.41,-9.57,15.35,-2.99,5.10,0.12,41.10,30.29,24.21,0.41,0.73,0.49,0.18,0.51,0.53,0.16,0.52,0.03,0.00
2018,1.62,-14.36,-9.49,15.44,-2.94,5.07,0.17,52.65,60.57,5.36,0.41,0.73,0.49,0.18,0.51,0.52,0.23,0.67,0.05,0.00
2019,1.71,-14.24,-9.35,15.37,-2.16,5.50,0.13,42.65,60.57,3.60,0.41,0.73,0.49,0.18,0.55,0.55,0.18,0.54,0.05,0.00
2020,1.94,-14.10,-9.16,15.14,-2.39,5.19,0.20,56.92,5.51,219.67,0.42,0.74,0.50,0.17,0.54,0.53,0.28,0.73,0.00,0.01
2021,1.68,-14.22,-9.33,15.03,-2.72,5.04,0.20,53.05,6.06,54.37,0.41,0.73,0.49,0.16,0.52,0.52,0.28,0.68,0.01,0.00
2022,2.81,-14.87,-9.99,15.19,0.35,6.91,0.33,76.28,0.09,33583.21,0.45,0.71,0.47,0.17,0.65,0.65,0.47,0.98,0.00,0.78
2023,2.71,-15.32,-10.39,15.10,1.00,7.42,0.27,65.61,0.07,43264.32,0.45,0.69,0.46,0.17,0.68,0.68,0.38,0.84,0.00,1.00
2024,-0.06,-17.74,-12.69,14.80,-1.48,6.50,0.16,55.40,3.51,104.65,0.34,0.60,0.40,0.15,0.58,0.62,0.23,0.71,0.00,0.00
2025,1.06,-16.54,-12.13,14.99,2.11,8.17,0.31,64.96,0.16,20903.90,0.39,0.64,0.41,0.16,0.73,0.74,0.44,0.83,0.00,0.48
2026,4.50,-12.97,-8.75,15.50,4.17,9.07,0.34,59.74,0.12,34094.66,0.52,0.78,0.51,0.18,0.82,0.80,0.47,0.76,0.00,0.79
2027,3.83,-12.85,-9.06,15.47,3.84,8.38,0.31,59.74,0.08,17294.37,0.49,0.79,0.50,0.18,0.81,0.75,0.43,0.76,0.00,0.40
2028,3.54,-14.25,-10.36,15.80,4.53,9.32,0.28,48.40,0.18,4354.34,0.48,0.73,0.46,0.19,0.84,0.82,0.39,0.61,0.00,0.10
2029,3.78,-15.48,-11.02,15.49,4.77,9.44,0.43,58.78,0.17,5951.93,0.49,0.68,0.45,0.18,0.85,0.82,0.60,0.75,0.00,0.14
2030,-7.95,-24.01,-20.24,17.01,4.75,9.36,0.71,71.94,0.06,21127.54,0.03,0.35,0.18,0.24,0.85,0.82,1.00,0.92,0.00,0.49
2031,-7.95,-24.01,-20.24,17.01,4.75,9.36,0.35,59.11,0.10,8976.02,0.03,0.35,0.18,0.24,0.85,0.82,0.49,0.75,0.00,0.21
2032,-7.95,-24.01,-20.24,17.01,8.34,11.58,0.12,22.64,0.29,3639.10,0.03,0.35,0.18,0.24,1.00,0.97,0.16,0.28,0.00,0.08
2033,-0.30,-17.74,-12.93,14.75,0.13,7.52,0.21,61.55,31.86,20.55,0.33,0.59,0.39,0.15,0.65,0.69,0.29,0.79,0.03,0.00
2034,2.10,-15.43,-11.09,15.18,2.57,8.67,0.12,38.58,3.54,273.02,0.43,0.69,0.44,0.17,0.75,0.77,0.16,0.49,0.00,0.01
2035,2.79,-15.06,-10.56,14.76,2.02,8.34,0.08,30.45,63.72,22.04,0.45,0.70,0.46,0.15,0.73,0.75,0.11,0.38,0.05,0.00
2036,4.31,-14.07,-9.63,15.30,3.60,9.19,0.15,50.02,0.89,2126.01,0.51,0.74,0.49,0.17,0.80,0.81,0.20,0.64,0.00,0.05
2037,4.47,-13.69,-8.95,14.91,2.08,8.33,0.12,47.18,32.06,33.74,0.52,0.76,0.50,0.16,0.73,0.75,0.16,0.60,0.03,0.00
2038,4.61,-13.53,-8.75,14.81,1.96,8.23,0.12,48.37,64.11,1.14,0.52,0.76,0.51,0.15,0.72,0.74,0.17,0.61,0.05,0.00
2039,5.27,-13.15,-8.38,15.11,3.50,8.93,0.23,55.28,0.50,5677.10,0.55,0.78,0.52,0.17,0.79,0.79,0.32,0.70,0.00,0.13
2040,5.65,-13.17,-8.15,14.79,2.68,8.45,0.15,44.97,2.91,1065.92,0.56,0.78,0.53,0.15,0.76,0.76,0.20,0.57,0.00,0.02
2041,6.27,-13.09,-8.16,14.84,2.45,8.34,0.12,38.29,4.58,476.45,0.59,0.78,0.53,0.16,0.75,0.75,0.17,0.48,0.00,0.01
2042,6.72,-13.19,-8.35,14.94,2.85,8.57,0.14,40.63,1.57,1119.40,0.61,0.78,0.52,0.16,0.76,0.76,0.19,0.51,0.00,0.03
2043,6.50,-12.99,-8.28,14.84,2.31,8.35,0.09,36.18,64.51,8.43,0.60,0.78,0.52,0.16,0.74,0.75,0.12,0.46,0.06,0.00
2044,6.59,-13.02,-8.33,14.78,1.51,7.94,0.07,27.55,64.51,4.34,0.60,0.78,0.52,0.15,0.70,0.72,0.10,0.34,0.06,0.00
2045,6.97,-13.02,-8.40,14.71,1.74,8.05,0.10,30.79,4.30,356.79,0.62,0.78,0.52,0.15,0.71,0.73,0.14,0.39,0.00,0.01
2046,6.76,-12.73,-8.25,14.45,-0.65,6.91,0.15,48.00,64.51,0.28,0.61,0.79,0.52,0.14,0.61,0.65,0.21,0.61,0.06,0.00
2047,7.42,-12.95,-8.51,14.61,1.79,7.97,0.22,49.75,0.99,1097.18,0.63,0.78,0.52,0.15,0.72,0.72,0.31,0.63,0.00,0.03
2048,6.13,-13.94,-9.50,14.11,-0.87,6.65,0.06,18.52,64.51,4.74,0.58,0.75,0.49,0.13,0.60,0.63,0.08,0.23,0.06,0.00
2049,5.84,-15.11,-10.59,14.10,-0.82,6.69,0.13,37.36,73.84,4.85,0.57,0.70,0.46,0.13,0.60,0.63,0.18,0.47,0.06,0.00
2050,8.10,-13.72,-8.99,14.61,1.85,8.14,0.20,56.82,0.63,2690.93,0.66,0.75,0.50,0.15,0.72,0.73,0.27,0.72,0.00,0.06
2051,7.06,-14.50,-9.84,14.28,-1.61,6.33,0.12,31.77,10.55,97.17,0.62,0.72,0.48,0.13,0.57,0.61,0.16,0.40,0.01,0.00
2052,8.99,-13.49,-8.64,14.89,0.83,8.02,0.11,35.02,1.10,1441.63,0.69,0.76,0.51,0.16,0.68,0.73,0.15,0.44,0.00,0.03
2053,8.12,-13.53,-8.63,14.32,-3.53,5.68,0.04,19.58,73.84,10.09,0.66,0.76,0.51,0.14,0.49,0.57,0.06,0.24,0.06,0.00
2054,8.64,-13.25,-8.24,14.72,-4.09,5.08,0.04,18.45,24.61,25.63,0.68,0.77,0.52,0.15,0.46,0.52,0.05,0.23,0.02,0.00
2055,8.99,-12.96,-7.77,14.19,-5.11,4.80,0.05,20.95,65.29,1.70,0.69,0.78,0.54,0.13,0.42,0.51,0.06,0.26,0.06,0.00
2056,9.29,-12.87,-7.59,13.81,-3.91,5.05,0.06,27.30,65.29,1.53,0.71,0.79,0.54,0.12,0.47,0.52,0.08,0.34,0.06,0.00
2057,9.42,-12.96,-7.59,14.10,-2.86,5.25,0.06,25.48,65.29,0.47,0.71,0.78,0.54,0.13,0.52,0.54,0.08,0.32,0.06,0.00
2058,9.52,-12.95,-7.55,13.11,-3.11,4.94,0.08,30.55,65.29,0.29,0.72,0.78,0.54,0.09,0.51,0.51,0.11,0.38,0.06,0.00
2059,9.64,-12.96,-7.53,13.08,-2.47,5.17,0.09,33.65,32.65,12.10,0.72,0.78,0.54,0.09,0.53,0.53,0.13,0.42,0.03,0.00
2060,10.47,-13.51,-7.82,13.42,0.84,6.86,0.17,55.21,0.62,2557.71,0.75,0.76,0.54,0.10,0.68,0.65,0.23,0.70,0.00,0.06
2061,9.68,-13.52,-7.90,12.41,-1.93,5.19,0.11,38.77,32.65,32.10,0.72,0.76,0.53,0.06,0.56,0.53,0.16,0.49,0.03,0.00
2062,9.40,-13.86,-8.24,12.13,-2.56,4.80,0.11,33.98,16.32,32.80,0.71,0.75,0.52,0.05,0.53,0.51,0.15,0.43,0.01,0.00
2063,9.65,-14.68,-8.96,12.93,1.25,6.82,0.14,43.70,0.33,5025.64,0.72,0.72,0.50,0.08,0.69,0.64,0.20,0.55,0.00,0.12
2064,8.79,-14.71,-9.28,12.33,-2.02,5.11,0.15,34.64,1.45,537.82,0.69,0.71,0.50,0.06,0.55,0.53,0.21,0.44,0.00,0.01
2065,8.27,-14.38,-9.02,12.68,-3.08,4.95,0.14,53.91,0.21,8322.78,0.67,0.73,0.50,0.07,0.51,0.52,0.19,0.69,0.00,0.19
2066,6.15,-15.46,-10.30,12.93,-6.51,3.78,0.10,31.18,64.99,0.93,0.58,0.69,0.47,0.08,0.36,0.44,0.14,0.39,0.06,0.00
2067,6.45,-17.34,-11.74,12.67,-4.25,4.35,0.26,50.50,0.39,4378.52,0.60,0.61,0.42,0.07,0.46,0.47,0.36,0.64,0.00,0.10
2068,3.26,-19.36,-13.99,12.74,-4.81,4.33,0.13,39.62,31.61,24.64,0.47,0.53,0.36,0.07,0.43,0.47,0.18,0.50,0.03,0.00
2069,3.45,-19.22,-13.83,12.75,-5.38,4.20,0.15,41.35,21.08,33.16,0.48,0.54,0.37,0.07,0.41,0.46,0.21,0.52,0.02,0.00
2070,3.67,-18.96,-13.58,12.68,-5.05,4.31,0.16,43.20,10.54,51.85,0.49,0.55,0.37,0.07,0.42,0.47,0.22,0.55,0.01,0.00
2071,3.85,-18.46,-13.16,12.59,-5.70,4.09,0.12,35.60,63.23,9.75,0.49,0.57,0.38,0.07,0.39,0.46,0.16,0.45,0.05,0.00
2072,4.24,-17.73,-12.51,12.71,-5.20,4.41,0.10,34.98,12.65,43.33,0.51,0.60,0.40,0.07,0.41,0.48,0.13,0.44,0.01,0.00
2073,4.63,-17.48,-12.19,12.50,-5.48,4.22,0.13,36.13,7.90,62.02,0.52,0.61,0.41,0.06,0.40,0.47,0.18,0.46,0.01,0.00
2074,5.17,-16.94,-11.66,12.54,-5.94,4.19,0.08,30.02,32.45,57.07,0.55,0.63,0.43,0.07,0.38,0.46,0.11,0.38,0.03,0.00
2075,5.48,-17.00,-11.67,12.63,-6.29,4.15,0.08,28.41,64.91,0.75,0.56,0.62,0.43,0.07,0.37,0.46,0.11,0.36,0.06,0.00
2076,6.19,-16.79,-11.37,12.65,-6.45,4.22,0.08,30.40,64.91,2.00,0.59,0.63,0.44,0.07,0.36,0.47,0.11,0.38,0.06,0.00
2077,6.83,-16.67,-11.13,12.87,-7.44,4.06,0.09,28.70,64.91,1.04,0.61,0.64,0.44,0.08,0.32,0.45,0.12,0.36,0.06,0.00
2078,6.63,-17.09,-11.52,12.87,-7.40,4.12,0.07,25.21,64.91,13.17,0.60,0.62,0.43,0.08,0.32,0.46,0.09,0.31,0.06,0.00
2079,5.16,-19.07,-13.56,13.07,-7.06,4.57,0.13,36.72,4.33,357.95,0.55,0.54,0.37,0.09,0.33,0.49,0.17,0.46,0.00,0.01
2080,4.60,-19.67,-14.19,13.11,-8.03,4.18,0.07,23.63,64.91,13.08,0.52,0.52,0.35,0.09,0.29,0.46,0.10,0.29,0.06,0.00
2081,4.43,-19.82,-14.39,12.74,-7.49,4.41,0.09,34.75,64.91,1.37,0.52,0.51,0.35,0.07,0.32,0.48,0.13,0.44,0.06,0.00
2082,4.57,-19.70,-14.28,12.70,-6.78,4.49,0.10,32.08,10.82,39.97,0.52,0.52,0.35,0.07,0.35,0.48,0.13,0.40,0.01,0.00
2083,4.94,-19.28,-13.91,12.00,-4.36,5.18,0.07,27.40,73.94,0.94,0.54,0.53,0.36,0.05,0.45,0.53,0.10,0.34,0.06,0.00
2084,4.99,-19.29,-13.92,11.76,-3.70,5.33,0.08,28.34,73.94,2.62,0.54,0.53,0.36,0.04,0.48,0.54,0.10,0.35,0.06,0.00
2085,5.44,-19.63,-14.23,11.05,-1.21,5.25,0.09,31.05,10.56,97.69,0.56,0.52,0.35,0.01,0.59,0.54,0.13,0.39,0.01,0.00
2086,5.80,-19.88,-14.45,10.84,-0.35,5.61,0.11,31.21,36.19,19.81,0.57,0.51,0.35,0.00,0.62,0.56,0.16,0.39,0.03,0.00
2087,6.25,-20.01,-14.60,11.15,0.37,6.23,0.32,61.86,2.50,481.29,0.59,0.51,0.34,0.01,0.66,0.60,0.45,0.79,0.00,0.01
2088,6.29,-19.94,-14.46,11.55,-0.98,6.33,0.30,61.86,1.96,1609.39,0.59,0.51,0.35,0.03,0.60,0.61,0.43,0.79,0.00,0.04
2089,6.26,-19.73,-14.25,11.96,-4.20,5.31,0.16,50.83,28.82,14.54,0.59,0.52,0.35,0.04,0.46,0.54,0.22,0.65,0.02,0.00
2090,6.46,-19.73,-14.28,12.03,-2.54,5.95,0.15,40.66,6.00,188.97,0.60,0.52,0.35,0.05,0.53,0.58,0.21,0.51,0.01,0.00
2091,6.64,-19.67,-14.22,12.02,-1.49,6.33,0.11,34.07,30.00,7.05,0.60,0.52,0.35,0.05,0.58,0.61,0.15,0.43,0.03,0.00
2092,6.99,-19.07,-13.69,12.43,0.51,7.35,0.06,19.45,30.00,0.65,0.62,0.54,0.37,0.06,0.66,0.68,0.08,0.24,0.03,0.00
2093,7.02,-19.02,-13.63,12.56,0.07,7.06,0.08,24.42,30.00,17.48,0.62,0.54,0.37,0.07,0.64,0.66,0.11,0.30,0.03,0.00
2094,5.72,-22.75,-14.01,23.87,-12.19,-1.27,0.11,32.63,0.83,531.84,0.57,0.40,0.36,0.51,0.11,0.09,0.15,0.41,0.00,0.01
2095,7.32,-17.93,-12.67,12.63,0.83,7.61,0.06,21.60,30.00,1.45,0.63,0.59,0.40,0.07,0.68,0.70,0.08,0.27,0.03,0.00
2096,5.72,-22.75,-14.01,23.87,-12.19,-1.27,0.08,26.92,10.00,66.81,0.57,0.40,0.36,0.51,0.11,0.09,0.11,0.34,0.01,0.00
2097,5.72,-22.75,-14.01,23.87,-12.19,-1.27,0.08,25.42,15.00,30.77,0.57,0.40,0.36,0.51,0.11,0.09,0.11,0.32,0.01,0.00
2098,5.72,-22.75,-14.01,23.87,-12.19,-1.27,0.08,25.42,30.00,1.55,0.57,0.40,0.36,0.51,0.11,0.09,0.11,0.32,0.03,0.00
2099,7.32,-17.32,-12.19,12.94,-1.51,7.09,0.09,25.20,30.00,4.80,0.63,0.61,0.41,0.08,0.57,0.66,0.12,0.31,0.03,0.00
2100,7.04,-17.40,-12.33,12.95,-1.35,7.14,0.09,25.01,7.50,64.88,0.62,0.61,0.41,0.08,0.58,0.67,0.12,0.31,0.01,0.00
2101,6.65,-17.60,-12.59,12.92,-1.62,6.80,0.14,33.98,5.20,264.13,0.60,0.60,0.40,0.08,0.57,0.64,0.20,0.43,0.00,0.01
2102,6.07,-17.84,-12.97,12.84,-4.55,5.60,0.15,38.55,2.08,723.25,0.58,0.59,0.39,0.08,0.44,0.56,0.21,0.49,0.00,0.02
2103,4.28,-19.29,-14.74,12.95,-4.37,5.75,0.09,26.48,15.59,44.99,0.51,0.53,0.34,0.08,0.45,0.57,0.12,0.33,0.01,0.00
2104,4.00,-19.27,-14.85,12.80,-6.56,5.08,0.11,29.71,31.17,2.91,0.50,0.53,0.34,0.08,0.36,0.52,0.15,0.37,0.03,0.00
2105,3.74,-19.49,-15.15,12.90,-5.81,5.46,0.20,44.21,1.73,195.52,0.49,0.53,0.33,0.08,0.39,0.55,0.28,0.56,0.00,0.00
2106,4.99,-16.92,-12.84,12.51,-8.46,4.27,0.31,56.46,0.24,10683.27,0.54,0.63,0.39,0.07,0.27,0.47,0.43,0.72,0.00,0.25
2107,8.24,-12.26,-7.94,11.99,-8.24,4.51,0.38,62.08,0.41,4275.54,0.67,0.81,0.53,0.04,0.28,0.49,0.54,0.79,0.00,0.10
2108,9.27,-10.67,-6.49,11.98,-8.84,3.89,0.11,26.79,45.00,1.29,0.71,0.87,0.57,0.04,0.26,0.44,0.15,0.33,0.04,0.00
2109,9.95,-10.07,-5.88,11.99,-9.82,3.66,0.10,26.52,45.00,18.38,0.73,0.90,0.59,0.05,0.22,0.43,0.13,0.33,0.04,0.00
3000,11.03,-9.85,-5.62,12.23,-8.90,4.21,0.11,34.88,45.00,0.99,0.77,0.91,0.60,0.05,0.26,0.46,0.16,0.44,0.04,0.00
3001,11.46,-10.23,-5.85,12.15,-5.94,4.84,0.10,28.12,11.25,167.63,0.79,0.89,0.59,0.05,0.38,0.51,0.13,0.35,0.01,0.00
3002,10.98,-16.93,-11.97,11.22,3.75,7.84,0.09,23.39,33.21,1.94,0.77,0.63,0.42,0.01,0.80,0.71,0.12,0.29,0.03,0.00
3003,10.61,-17.60,-12.63,11.26,4.59,8.09,0.07,18.64,33.21,7.52,0.76,0.60,0.40,0.02,0.84,0.73,0.10,0.23,0.03,0.00
3004,10.10,-18.21,-13.28,11.12,4.92,8.43,0.10,31.59,34.07,3.21,0.74,0.58,0.38,0.01,0.85,0.75,0.14,0.40,0.03,0.00
3005,9.26,-19.52,-14.59,10.86,5.54,8.60,0.07,24.13,34.07,3.15,0.71,0.52,0.34,0.00,0.88,0.77,0.10,0.30,0.03,0.00
3006,8.93,-20.03,-15.07,10.96,5.75,8.77,0.07,23.12,34.07,0.63,0.69,0.50,0.33,0.00,0.89,0.78,0.10,0.29,0.03,0.00
3007,8.43,-21.02,-16.00,10.96,5.53,8.70,0.06,17.02,34.07,5.44,0.67,0.47,0.30,0.00,0.88,0.77,0.08,0.21,0.03,0.00
3008,8.27,-21.23,-16.20,11.08,5.83,8.81,0.06,20.75,4.26,87.70,0.67,0.46,0.30,0.01,0.89,0.78,0.09,0.26,0.00,0.00
3009,8.33,-21.28,-16.25,10.96,5.52,8.74,0.08,31.20,34.07,12.22,0.67,0.45,0.30,0.00,0.88,0.78,0.11,0.39,0.03,0.00
3010,8.11,-21.61,-16.55,11.15,5.78,8.99,0.11,43.81,34.07,9.01,0.66,0.44,0.29,0.01,0.89,0.79,0.15,0.56,0.03,0.00
3011,8.05,-21.79,-16.71,11.18,5.81,9.05,0.13,46.95,34.07,5.55,0.66,0.43,0.28,0.01,0.89,0.80,0.17,0.60,0.03,0.00
3012,7.86,-22.09,-16.99,11.33,5.60,9.78,0.13,45.92,11.36,28.75,0.65,0.42,0.27,0.02,0.88,0.85,0.17,0.58,0.01,0.00
3013,7.64,-22.41,-17.30,11.39,5.86,9.13,0.12,42.74,4.26,41.52,0.64,0.41,0.27,0.02,0.89,0.80,0.16,0.54,0.00,0.00
3014,7.55,-22.46,-17.35,11.33,6.31,9.31,0.10,38.79,34.07,4.10,0.64,0.41,0.26,0.02,0.91,0.81,0.14,0.49,0.03,0.00
3015,7.55,-22.46,-17.35,11.33,6.31,9.31,0.07,25.66,34.07,1.77,0.64,0.41,0.26,0.02,0.91,0.81,0.10,0.32,0.03,0.00
3016,7.00,-22.75,-17.65,11.48,5.05,8.93,0.08,29.09,34.07,4.47,0.62,0.40,0.26,0.03,0.86,0.79,0.11,0.36,0.03,0.00
3017,6.75,-23.02,-17.89,11.46,4.96,8.71,0.09,35.31,34.07,5.52,0.61,0.39,0.25,0.02,0.85,0.77,0.12,0.45,0.03,0.00
3018,6.64,-23.16,-18.03,11.59,5.17,8.80,0.08,29.30,3.41,128.70,0.60,0.38,0.25,0.03,0.86,0.78,0.11,0.37,0.00,0.00
3019,6.56,-23.09,-17.99,11.69,5.16,8.92,0.08,27.06,34.07,6.62,0.60,0.38,0.25,0.03,0.86,0.79,0.11,0.34,0.03,0.00
3020,6.47,-23.05,-17.98,11.71,4.85,8.71,0.09,23.64,4.99,76.52,0.60,0.38,0.25,0.03,0.85,0.77,0.13,0.29,0.00,0.00
3021,6.50,-22.77,-17.75,11.61,5.24,9.01,0.08,28.34,34.93,1.60,0.60,0.40,0.25,0.03,0.87,0.79,0.11,0.35,0.03,0.00
3022,6.41,-22.77,-17.75,11.83,4.67,8.65,0.08,26.12,4.37,75.65,0.59,0.40,0.25,0.04,0.84,0.77,0.11,0.33,0.00,0.00
3023,6.42,-22.28,-17.33,11.88,3.45,8.49,0.08,27.66,30.21,5.55,0.59,0.42,0.27,0.04,0.79,0.76,0.11,0.35,0.03,0.00
3024,6.37,-22.28,-17.32,11.81,3.38,8.44,0.08,28.26,30.21,16.68,0.59,0.42,0.27,0.04,0.79,0.75,0.10,0.35,0.03,0.00
3025,6.41,-21.59,-16.72,12.00,3.17,8.54,0.08,29.33,30.21,0.68,0.59,0.44,0.28,0.05,0.78,0.76,0.10,0.37,0.03,0.00
3026,6.43,-21.36,-16.51,12.12,2.85,8.47,0.10,36.40,30.21,6.32,0.59,0.45,0.29,0.05,0.76,0.76,0.14,0.46,0.03,0.00
3027,6.44,-21.24,-16.39,12.20,2.64,8.50,0.12,39.74,30.21,27.65,0.60,0.46,0.29,0.05,0.75,0.76,0.17,0.50,0.03,0.00
3028,6.50,-20.94,-16.12,12.17,2.88,8.58,0.14,46.47,15.11,41.62,0.60,0.47,0.30,0.05,0.76,0.76,0.20,0.59,0.01,0.00
3029,6.55,-20.57,-15.77,12.32,1.95,8.34,0.16,51.48,15.11,43.67,0.60,0.48,0.31,0.06,0.72,0.75,0.22,0.65,0.01,0.00
3030,6.14,-20.46,-15.74,12.02,-2.06,6.67,0.06,19.99,9.62,50.99,0.58,0.49,0.31,0.05,0.55,0.63,0.09,0.25,0.01,0.00
